Cluster,tx_distorcao_fundamental,taxa_escolas_por_habitante,ideb_ano_inicial,Total_alfabetização,Taxa de abandonos EF,Pontos Fortes,Pontos Fracos,Recomendações
0,23.6,0.66127,4.5775,76.1077,1.8561,- Nenhum indicador destaca-se positivamente,"- IDEB crítico (4,58)
- Abandono elevado (1,86%)
- Distorção alta (23,6%)","- Reforma pedagógica
- Combate ao abandono
- Correção de fluxo escolar"
1,14.501,0.4922,5.5769,79.5973,0.4455,"- Alfabetização alta (79,6%)
- Baixo abandono (0,45%)","- IDEB moderado (5,58)
- Baixa densidade de escolas (0,49)","- Expansão de infraestrutura
- Capacitação docente"
2,10.6169,0.7235,6.0729,73.2329,0.1797,"- Melhor IDEB (6,07)
- Menor abandono (0,18%)","- Alfabetização baixa (73,23%)
- Excesso de escolas (0,72)","- Investigar contradição alfabetização/IDEB
- Reorganizar rede escolar"
