Cidades,Cluster,Número do Cluster,Perfil,Nome do Cluster,tx_distorcao_fundamental,taxa_escolas_por_habitante,ideb_ano_inicial,Total_alfabetização,Taxa de abandonos EF
Acauã,1,2,Pouca infraestrutura,Cluster 2: Pouca infraestrutura,10.2,0.6230529595015577,6.2,83.11,0.0
Agricolândia,1,2,Pouca infraestrutura,Cluster 2: Pouca infraestrutura,14.2,0.4048582995951417,5.2,78.97,0.6
Alagoinha do Piauí,2,3,Contradição Educacional,Cluster 3: Contradição Educacional,10.3,0.7332453438920663,5.3,66.39,1.5
Alegrete do Piauí,2,3,Contradição Educacional,Cluster 3: Contradição Educacional,8.6,0.6473888649115235,5.8,70.79,0.2
Alto Longá,2,3,Contradição Educacional,Cluster 3: Contradição Educacional,10.1,0.8160842792492025,5.6,71.75,0.1
Altos,1,2,Pouca infraestrutura,Cluster 2: Pouca infraestrutura,9.5,0.3371757317767053,7.0,83.02,0.2
Alvorada do Gurguéia,0,1,Emergência Educacional,Cluster 1: Emergência Educacional,21.9,0.7515971439308531,4.8,82.52,2.5
Amarante,1,2,Pouca infraestrutura,Cluster 2: Pouca infraestrutura,13.9,0.6382731809214344,4.4,77.91,0.2
Angical do Piauí,1,2,Pouca infraestrutura,Cluster 2: Pouca infraestrutura,9.9,0.5859088911674235,6.8,81.85,0.0
Antônio Almeida,1,2,Pouca infraestrutura,Cluster 2: Pouca infraestrutura,4.8,0.6345177664974618,6.1,83.05,0.0
Anísio de Abreu,2,3,Contradição Educacional,Cluster 3: Contradição Educacional,13.4,0.8504305304560433,5.3,77.16,0.0
Aroazes,1,2,Pouca infraestrutura,Cluster 2: Pouca infraestrutura,16.4,0.5587632706276774,5.8,75.91,0.8
Aroeiras do Itaim,2,3,Contradição Educacional,Cluster 3: Contradição Educacional,13.6,0.3717472118959107,5.1,65.37,0.0
Arraial,1,2,Pouca infraestrutura,Cluster 2: Pouca infraestrutura,16.0,0.6637168141592921,5.4,76.25,0.2
Assunção do Piauí,2,3,Contradição Educacional,Cluster 3: Contradição Educacional,17.3,0.6709608158883522,5.7,68.7,1.0
Avelino Lopes,1,2,Pouca infraestrutura,Cluster 2: Pouca infraestrutura,21.1,0.4601509295048776,4.6,81.1,0.0
Baixa Grande do Ribeiro,1,2,Pouca infraestrutura,Cluster 2: Pouca infraestrutura,10.8,0.6781193490054249,5.8,85.09,0.2
Barra D'Alcântara,1,2,Pouca infraestrutura,Cluster 2: Pouca infraestrutura,13.0,0.2503128911138924,6.1,78.09,0.0
Barras,2,3,Contradição Educacional,Cluster 3: Contradição Educacional,11.8,0.7092494472026367,5.6,75.04,0.5
Barreiras do Piauí,0,1,Emergência Educacional,Cluster 1: Emergência Educacional,45.1,0.6127450980392157,4.1,83.83,5.3
Barro Duro,0,1,Emergência Educacional,Cluster 1: Emergência Educacional,14.8,0.6024096385542169,5.4,76.64,2.5
Batalha,0,1,Emergência Educacional,Cluster 1: Emergência Educacional,24.0,0.5703422053231939,4.9,74.75,0.7
Bela Vista do Piauí,1,2,Pouca infraestrutura,Cluster 2: Pouca infraestrutura,10.9,0.2444390124663896,6.8,84.28,0.0
Belém do Piauí,2,3,Contradição Educacional,Cluster 3: Contradição Educacional,0.2,0.2921413964358749,6.8,70.68,0.0
Beneditinos,2,3,Contradição Educacional,Cluster 3: Contradição Educacional,12.9,0.5035753852351698,6.3,73.81,0.2
Bertolínia,0,1,Emergência Educacional,Cluster 1: Emergência Educacional,26.6,0.719165767709457,4.9,83.36,1.3
Betânia do Piauí,0,1,Emergência Educacional,Cluster 1: Emergência Educacional,19.2,0.8038585209003215,4.8,71.36,1.0
Boa Hora,0,1,Emergência Educacional,Cluster 1: Emergência Educacional,19.5,0.5795421616922631,4.5,71.66,0.4
Bocaina,1,2,Pouca infraestrutura,Cluster 2: Pouca infraestrutura,10.8,0.4904364884747425,5.1,82.47,0.0
Bom Jesus,1,2,Pouca infraestrutura,Cluster 2: Pouca infraestrutura,12.1,0.4514515904986803,7.3,88.1,0.5
Bom Princípio do Piauí,0,1,Emergência Educacional,Cluster 1: Emergência Educacional,23.5,0.177430801987225,4.8,77.32,1.5
Bonfim do Piauí,0,1,Emergência Educacional,Cluster 1: Emergência Educacional,15.7,0.5073566717402334,4.3,70.53,0.9
Boqueirão do Piauí,1,2,Pouca infraestrutura,Cluster 2: Pouca infraestrutura,16.0,0.6111535523300229,5.3,78.43,0.2
Brasileira,2,3,Contradição Educacional,Cluster 3: Contradição Educacional,9.3,0.7112375533428166,5.5,75.24,0.2
Brejo do Piauí,1,2,Pouca infraestrutura,Cluster 2: Pouca infraestrutura,22.4,0.2561475409836066,5.4,74.17,0.0
Buriti dos Lopes,1,2,Pouca infraestrutura,Cluster 2: Pouca infraestrutura,17.0,0.559682507377633,5.5,76.54,0.5
Buriti dos Montes,2,3,Contradição Educacional,Cluster 3: Contradição Educacional,3.3,0.8071025020177562,7.3,76.57,0.0
Cabeceiras do Piauí,2,3,Contradição Educacional,Cluster 3: Contradição Educacional,4.7,0.4896200548374462,5.7,73.21,0.0
Cajazeiras do Piauí,1,2,Pouca infraestrutura,Cluster 2: Pouca infraestrutura,13.1,0.6435006435006435,4.9,80.96,0.0
Cajueiro da Praia,1,2,Pouca infraestrutura,Cluster 2: Pouca infraestrutura,18.8,0.628377529219555,6.4,80.86,0.0
Caldeirão Grande do Piauí,2,3,Contradição Educacional,Cluster 3: Contradição Educacional,3.8,0.7268762493185535,7.2,74.03,0.0
Campinas do Piauí,0,1,Emergência Educacional,Cluster 1: Emergência Educacional,20.1,0.8100445524503848,5.5,77.4,1.0
Campo Alegre do Fidalgo,0,1,Emergência Educacional,Cluster 1: Emergência Educacional,32.8,0.6499133448873484,4.4,69.65,1.5
Campo Grande do Piauí,2,3,Contradição Educacional,Cluster 3: Contradição Educacional,4.1,0.4983388704318936,7.0,74.45,0.0
Campo Largo do Piauí,0,1,Emergência Educacional,Cluster 1: Emergência Educacional,19.2,0.8087343307723412,4.0,71.8,0.8
Campo Maior,1,2,Pouca infraestrutura,Cluster 2: Pouca infraestrutura,8.5,0.5240975694975215,6.1,84.11,0.2
Canavieira,1,2,Pouca infraestrutura,Cluster 2: Pouca infraestrutura,19.5,0.5858230814294083,4.9,79.53,0.2
Canto do Buriti,0,1,Emergência Educacional,Cluster 1: Emergência Educacional,20.0,0.4131164471985541,4.4,78.63,1.2
Capitão Gervásio Oliveira,1,2,Pouca infraestrutura,Cluster 2: Pouca infraestrutura,17.7,0.5032712632108707,5.4,76.49,0.2
Capitão de Campos,1,2,Pouca infraestrutura,Cluster 2: Pouca infraestrutura,12.4,0.4504504504504504,5.3,77.06,0.7
Caracol,0,1,Emergência Educacional,Cluster 1: Emergência Educacional,43.4,0.3876720294630742,3.5,70.49,5.6
Caraúbas do Piauí,0,1,Emergência Educacional,Cluster 1: Emergência Educacional,18.5,0.5328596802841918,5.5,68.74,2.4
Caridade do Piauí,2,3,Contradição Educacional,Cluster 3: Contradição Educacional,13.4,0.5960659646334194,5.8,75.15,0.4
Castelo do Piauí,2,3,Contradição Educacional,Cluster 3: Contradição Educacional,8.5,0.6221484861053506,6.7,76.96,0.0
Caxingó,0,1,Emergência Educacional,Cluster 1: Emergência Educacional,21.4,0.727802037845706,3.8,70.4,2.3
Cocal,2,3,Contradição Educacional,Cluster 3: Contradição Educacional,17.3,0.4962427335885438,6.5,73.29,0.1
Cocal de Telha,1,2,Pouca infraestrutura,Cluster 2: Pouca infraestrutura,14.3,0.2036245163917735,5.3,75.37,0.0
Cocal dos Alves,2,3,Contradição Educacional,Cluster 3: Contradição Educacional,6.5,0.6263701847792046,7.8,69.24,0.2
Coivaras,1,2,Pouca infraestrutura,Cluster 2: Pouca infraestrutura,14.8,0.7286859363614282,5.7,77.95,1.0
Colônia do Gurguéia,0,1,Emergência Educacional,Cluster 1: Emergência Educacional,17.9,0.6504065040650406,4.5,83.69,1.6
Colônia do Piauí,2,3,Contradição Educacional,Cluster 3: Contradição Educacional,4.6,0.8578781812982557,6.1,74.89,0.0
Conceição do Canindé,1,2,Pouca infraestrutura,Cluster 2: Pouca infraestrutura,14.3,0.6082725060827251,4.9,77.35,0.0
Coronel José Dias,1,2,Pouca infraestrutura,Cluster 2: Pouca infraestrutura,12.5,0.4705882352941176,5.5,75.22,0.3
Corrente,0,1,Emergência Educacional,Cluster 1: Emergência Educacional,20.5,0.6598724246645649,4.5,86.72,1.7
Cristalândia do Piauí,0,1,Emergência Educacional,Cluster 1: Emergência Educacional,21.1,0.6797172376291464,4.7,79.27,1.1
Cristino Castro,0,1,Emergência Educacional,Cluster 1: Emergência Educacional,29.3,0.6664762448824145,4.2,82.02,2.6
Curimatá,1,2,Pouca infraestrutura,Cluster 2: Pouca infraestrutura,12.4,0.709849157054126,5.5,87.41,0.7
Currais,0,1,Emergência Educacional,Cluster 1: Emergência Educacional,28.4,0.8240626287597858,5.2,79.39,1.8
Curral Novo do Piauí,1,2,Pouca infraestrutura,Cluster 2: Pouca infraestrutura,15.2,0.3942440370589395,5.7,73.78,0.9
Curralinhos,1,2,Pouca infraestrutura,Cluster 2: Pouca infraestrutura,16.9,0.4532064355313845,4.8,78.62,0.7
Demerval Lobão,1,2,Pouca infraestrutura,Cluster 2: Pouca infraestrutura,8.1,0.4892367906066536,7.4,85.44,0.0
Dirceu Arcoverde,0,1,Emergência Educacional,Cluster 1: Emergência Educacional,30.8,0.5670541536716757,4.2,76.19,1.5
Dom Expedito Lopes,1,2,Pouca infraestrutura,Cluster 2: Pouca infraestrutura,8.4,0.6329113924050633,6.2,81.03,0.0
Dom Inocêncio,1,2,Pouca infraestrutura,Cluster 2: Pouca infraestrutura,11.8,0.5459111256687411,5.5,80.71,0.0
Domingos Mourão,2,3,Contradição Educacional,Cluster 3: Contradição Educacional,5.5,0.98159509202454,8.4,76.45,0.0
Elesbão Veloso,1,2,Pouca infraestrutura,Cluster 2: Pouca infraestrutura,18.8,0.4409495112809583,5.8,75.14,0.3
Eliseu Martins,1,2,Pouca infraestrutura,Cluster 2: Pouca infraestrutura,20.3,0.4569339730408956,5.3,80.56,0.2
Esperantina,1,2,Pouca infraestrutura,Cluster 2: Pouca infraestrutura,17.0,0.4881620698071759,6.1,78.04,0.5
Fartura do Piauí,0,1,Emergência Educacional,Cluster 1: Emergência Educacional,25.8,0.5677517032551098,4.8,74.23,4.8
Flores do Piauí,0,1,Emergência Educacional,Cluster 1: Emergência Educacional,23.1,0.9062075215224288,4.8,74.15,1.7
Floresta do Piauí,2,3,Contradição Educacional,Cluster 3: Contradição Educacional,11.0,0.4286326618088298,5.9,65.32,0.0
Floriano,1,2,Pouca infraestrutura,Cluster 2: Pouca infraestrutura,15.1,0.4191114836546521,5.9,89.8,0.5
Francinópolis,2,3,Contradição Educacional,Cluster 3: Contradição Educacional,11.4,0.8879023307436182,6.5,70.96,0.0
Francisco Ayres,0,1,Emergência Educacional,Cluster 1: Emergência Educacional,19.2,0.6799637352674524,4.1,73.82,1.2
Francisco Macedo,1,2,Pouca infraestrutura,Cluster 2: Pouca infraestrutura,11.4,0.3414134516899966,5.3,72.66,0.0
Francisco Santos,1,2,Pouca infraestrutura,Cluster 2: Pouca infraestrutura,15.2,0.6070171178827243,5.5,77.49,1.6
Fronteiras,1,2,Pouca infraestrutura,Cluster 2: Pouca infraestrutura,10.0,0.2924261623939955,7.0,76.33,0.3
Geminiano,1,2,Pouca infraestrutura,Cluster 2: Pouca infraestrutura,15.4,0.1836547291092745,5.2,73.37,0.8
Gilbués,0,1,Emergência Educacional,Cluster 1: Emergência Educacional,37.2,0.4590525156077855,3.7,82.65,8.6
Guadalupe,1,2,Pouca infraestrutura,Cluster 2: Pouca infraestrutura,13.8,0.486854917234664,4.6,86.56,0.3
Guaribas,0,1,Emergência Educacional,Cluster 1: Emergência Educacional,23.2,0.9354536950420954,4.6,73.39,0.6
Hugo Napoleão,2,3,Contradição Educacional,Cluster 3: Contradição Educacional,8.7,0.8527572484366117,5.1,74.28,0.0
Ilha Grande,0,1,Emergência Educacional,Cluster 1: Emergência Educacional,27.0,0.6469700237222342,4.5,80.17,0.5
Inhuma,2,3,Contradição Educacional,Cluster 3: Contradição Educacional,6.6,0.6685385746757588,5.5,76.73,0.0
Ipiranga do Piauí,2,3,Contradição Educacional,Cluster 3: Contradição Educacional,7.1,0.9554140127388536,6.5,81.87,0.0
Isaías Coelho,1,2,Pouca infraestrutura,Cluster 2: Pouca infraestrutura,12.3,0.3859017236943658,5.6,72.33,0.1
Itainópolis,2,3,Contradição Educacional,Cluster 3: Contradição Educacional,10.6,0.5560704355885079,6.5,71.56,0.0
Itaueira,0,1,Emergência Educacional,Cluster 1: Emergência Educacional,19.1,0.2906131938390003,5.1,78.78,5.0
Jacobina do Piauí,2,3,Contradição Educacional,Cluster 3: Contradição Educacional,18.2,0.7126313914127917,6.1,71.82,0.0
Jaicós,2,3,Contradição Educacional,Cluster 3: Contradição Educacional,12.2,0.5705482969133336,5.8,68.92,0.0
Jardim do Mulato,0,1,Emergência Educacional,Cluster 1: Emergência Educacional,22.3,1.1961722488038278,5.2,72.7,1.7
Jatobá do Piauí,1,2,Pouca infraestrutura,Cluster 2: Pouca infraestrutura,9.9,0.4450378282153983,4.5,76.04,0.0
Jerumenha,0,1,Emergência Educacional,Cluster 1: Emergência Educacional,33.0,0.88948187680676,4.5,80.84,1.8
Joaquim Pires,2,3,Contradição Educacional,Cluster 3: Contradição Educacional,14.8,0.4320898746939363,6.1,73.31,0.1
Joca Marques,0,1,Emergência Educacional,Cluster 1: Emergência Educacional,20.0,0.3707823507601038,5.2,69.18,2.3
José de Freitas,1,2,Pouca infraestrutura,Cluster 2: Pouca infraestrutura,15.7,0.5169294391315585,4.9,81.1,0.7
João Costa,0,1,Emergência Educacional,Cluster 1: Emergência Educacional,15.4,0.3367003367003367,3.7,77.11,0.8
Juazeiro do Piauí,2,3,Contradição Educacional,Cluster 3: Contradição Educacional,16.3,0.9589566551591868,6.0,77.51,0.0
Jurema,0,1,Emergência Educacional,Cluster 1: Emergência Educacional,32.6,0.6779661016949153,4.2,71.9,1.0
Júlio Borges,1,2,Pouca infraestrutura,Cluster 2: Pouca infraestrutura,16.4,0.7423904974016332,6.2,86.6,1.5
Lagoa Alegre,1,2,Pouca infraestrutura,Cluster 2: Pouca infraestrutura,10.4,0.4844961240310077,5.2,77.46,0.3
Lagoa de São Francisco,2,3,Contradição Educacional,Cluster 3: Contradição Educacional,16.9,1.105670510187964,5.8,75.88,0.3
Lagoa do Barro do Piauí,1,2,Pouca infraestrutura,Cluster 2: Pouca infraestrutura,15.5,0.6006006006006006,5.3,78.92,0.3
Lagoa do Piauí,0,1,Emergência Educacional,Cluster 1: Emergência Educacional,29.9,0.2079002079002079,3.9,82.26,0.0
Lagoa do Sítio,2,3,Contradição Educacional,Cluster 3: Contradição Educacional,13.7,0.6637168141592921,4.5,69.09,0.3
Lagoinha do Piauí,1,2,Pouca infraestrutura,Cluster 2: Pouca infraestrutura,15.1,0.3402517863218782,5.4,79.92,1.1
Landri Sales,1,2,Pouca infraestrutura,Cluster 2: Pouca infraestrutura,12.7,0.3836562440053712,6.3,83.09,1.1
Luzilândia,0,1,Emergência Educacional,Cluster 1: Emergência Educacional,26.5,0.5123152709359605,4.5,74.29,3.6
Luís Correia,0,1,Emergência Educacional,Cluster 1: Emergência Educacional,28.5,0.2937240951666068,4.7,77.58,1.1
Madeiro,2,3,Contradição Educacional,Cluster 3: Contradição Educacional,6.6,0.7470119521912351,4.7,74.32,0.4
Manoel Emídio,1,2,Pouca infraestrutura,Cluster 2: Pouca infraestrutura,17.9,0.5759262814359762,5.9,80.57,0.6
Marcolândia,1,2,Pouca infraestrutura,Cluster 2: Pouca infraestrutura,11.6,0.5859603890776984,5.1,77.05,0.0
Marcos Parente,1,2,Pouca infraestrutura,Cluster 2: Pouca infraestrutura,14.7,0.6350550381033022,5.1,82.69,1.5
Massapê do Piauí,0,1,Emergência Educacional,Cluster 1: Emergência Educacional,25.2,0.5749329244921426,5.1,65.7,1.0
Matias Olímpio,0,1,Emergência Educacional,Cluster 1: Emergência Educacional,18.2,0.5638567803777841,4.8,74.13,1.0
Miguel Alves,0,1,Emergência Educacional,Cluster 1: Emergência Educacional,26.5,0.5287713841368584,3.8,70.57,0.4
Miguel Leão,0,1,Emergência Educacional,Cluster 1: Emergência Educacional,10.7,0.7587253414264037,4.2,79.21,1.6
Milton Brandão,0,1,Emergência Educacional,Cluster 1: Emergência Educacional,24.3,0.6114338122898196,4.5,69.89,0.6
Monsenhor Gil,1,2,Pouca infraestrutura,Cluster 2: Pouca infraestrutura,18.3,0.4875670404680643,4.7,81.93,0.8
Monsenhor Hipólito,2,3,Contradição Educacional,Cluster 3: Contradição Educacional,13.4,0.5279134221987595,6.4,73.13,0.1
Monte Alegre do Piauí,0,1,Emergência Educacional,Cluster 1: Emergência Educacional,19.5,0.7504690431519699,4.1,80.93,1.0
Morro Cabeça no Tempo,0,1,Emergência Educacional,Cluster 1: Emergência Educacional,18.7,0.4569339730408956,3.9,80.78,2.6
Morro do Chapéu do Piauí,0,1,Emergência Educacional,Cluster 1: Emergência Educacional,20.0,0.7782101167315175,4.8,72.26,0.9
Murici dos Portelas,0,1,Emergência Educacional,Cluster 1: Emergência Educacional,29.2,0.3062161886291721,5.1,69.75,5.0
Nazaré do Piauí,2,3,Contradição Educacional,Cluster 3: Contradição Educacional,15.4,0.900225056264066,5.6,76.21,0.4
Nazária,1,2,Pouca infraestrutura,Cluster 2: Pouca infraestrutura,14.3,0.1948937828883258,5.8,76.42,0.8
Nossa Senhora de Nazaré,1,2,Pouca infraestrutura,Cluster 2: Pouca infraestrutura,15.7,0.5738332058148432,5.6,77.85,0.3
Nossa Senhora dos Remédios,0,1,Emergência Educacional,Cluster 1: Emergência Educacional,28.7,1.0557184750733135,5.1,73.19,2.0
Nova Santa Rita,1,2,Pouca infraestrutura,Cluster 2: Pouca infraestrutura,15.0,0.4906771344455348,4.1,77.28,0.7
Novo Oriente do Piauí,0,1,Emergência Educacional,Cluster 1: Emergência Educacional,26.3,0.6560603575528948,5.413063063063064,74.93,1.4
Novo Santo Antônio,2,3,Contradição Educacional,Cluster 3: Contradição Educacional,16.4,0.7074637424831978,5.1,70.86,0.0
Oeiras,1,2,Pouca infraestrutura,Cluster 2: Pouca infraestrutura,6.5,0.471685752469799,7.1,82.67,0.0
Olho D'Água do Piauí,1,2,Pouca infraestrutura,Cluster 2: Pouca infraestrutura,7.4,0.3792188092529389,6.4,77.92,0.3
Padre Marcos,2,3,Contradição Educacional,Cluster 3: Contradição Educacional,0.2,0.6267627702914447,6.6,65.99,0.0
Paes Landim,1,2,Pouca infraestrutura,Cluster 2: Pouca infraestrutura,21.7,0.7338551859099804,6.0,80.42,1.2
Pajeú do Piauí,2,3,Contradição Educacional,Cluster 3: Contradição Educacional,2.6,0.6666666666666666,6.4,76.64,0.0
Palmeira do Piauí,2,3,Contradição Educacional,Cluster 3: Contradição Educacional,28.3,1.2116316639741518,6.3,80.74,0.0
Palmeirais,0,1,Emergência Educacional,Cluster 1: Emergência Educacional,22.6,0.6031363088057901,3.9,75.8,0.0
Paquetá,0,1,Emergência Educacional,Cluster 1: Emergência Educacional,30.4,0.5245213742460005,4.7,65.72,1.6
Parnaguá,1,2,Pouca infraestrutura,Cluster 2: Pouca infraestrutura,28.4,0.4949025042066713,6.2,82.97,1.9
Parnaíba,1,2,Pouca infraestrutura,Cluster 2: Pouca infraestrutura,25.2,0.178836820651336,5.5,88.26,0.8
Passagem Franca do Piauí,0,1,Emergência Educacional,Cluster 1: Emergência Educacional,21.4,0.7255139056831923,4.6,74.49,1.7
Patos do Piauí,2,3,Contradição Educacional,Cluster 3: Contradição Educacional,14.1,0.3686635944700461,5.6,69.53,0.0
Pau D'Arco do Piauí,1,2,Pouca infraestrutura,Cluster 2: Pouca infraestrutura,23.7,0.5154639175257733,5.413063063063064,74.21,0.0
Paulistana,1,2,Pouca infraestrutura,Cluster 2: Pouca infraestrutura,18.4,0.6649251959154595,5.2,77.19,0.2
Pavussu,0,1,Emergência Educacional,Cluster 1: Emergência Educacional,21.5,0.5512679162072768,4.2,71.07,1.7
Pedro II,1,2,Pouca infraestrutura,Cluster 2: Pouca infraestrutura,16.7,0.5541774423391567,5.0,75.19,0.3
Pedro Laurentino,0,1,Emergência Educacional,Cluster 1: Emergência Educacional,16.6,0.8136696501220504,5.3,80.25,2.4
Picos,1,2,Pouca infraestrutura,Cluster 2: Pouca infraestrutura,17.0,0.4453002768082801,5.1,86.29,2.0
Pimenteiras,0,1,Emergência Educacional,Cluster 1: Emergência Educacional,18.7,0.6172295212062429,4.4,72.13,0.2
Pio IX,1,2,Pouca infraestrutura,Cluster 2: Pouca infraestrutura,6.5,0.4542099585533413,5.3,75.22,0.8
Piracuruca,1,2,Pouca infraestrutura,Cluster 2: Pouca infraestrutura,5.7,0.277334812452333,7.0,76.74,0.0
Piripiri,1,2,Pouca infraestrutura,Cluster 2: Pouca infraestrutura,12.6,0.5340413195398089,5.8,80.82,0.2
Porto,1,2,Pouca infraestrutura,Cluster 2: Pouca infraestrutura,14.7,0.414868901427149,5.3,74.64,0.0
Porto Alegre do Piauí,1,2,Pouca infraestrutura,Cluster 2: Pouca infraestrutura,12.8,0.8460236886632826,5.3,79.51,0.3
Prata do Piauí,1,2,Pouca infraestrutura,Cluster 2: Pouca infraestrutura,18.4,0.3287310979618672,5.1,73.84,1.3
Queimada Nova,1,2,Pouca infraestrutura,Cluster 2: Pouca infraestrutura,15.2,0.4577706569008926,5.8,79.28,0.7
Redenção do Gurguéia,0,1,Emergência Educacional,Cluster 1: Emergência Educacional,25.5,0.7147962830593281,4.8,82.07,2.2
Regeneração,0,1,Emergência Educacional,Cluster 1: Emergência Educacional,15.7,0.7004027315706531,4.4,74.82,0.8
Riacho Frio,0,1,Emergência Educacional,Cluster 1: Emergência Educacional,25.9,0.4801920768307323,4.6,83.49,1.5
Ribeira do Piauí,2,3,Contradição Educacional,Cluster 3: Contradição Educacional,12.2,0.7398273736128237,5.0,72.86,0.9
Ribeiro Gonçalves,1,2,Pouca infraestrutura,Cluster 2: Pouca infraestrutura,9.8,0.6489292667099286,6.4,83.29,0.8
Rio Grande do Piauí,1,2,Pouca infraestrutura,Cluster 2: Pouca infraestrutura,23.1,0.5171522151353215,5.8,77.87,0.0
Santa Cruz do Piauí,1,2,Pouca infraestrutura,Cluster 2: Pouca infraestrutura,10.7,0.3429943405933802,5.2,76.11,0.3
Santa Cruz dos Milagres,1,2,Pouca infraestrutura,Cluster 2: Pouca infraestrutura,12.3,0.5822416302765648,5.5,76.77,1.0
Santa Filomena,1,2,Pouca infraestrutura,Cluster 2: Pouca infraestrutura,16.6,0.8214227041235419,5.0,82.18,0.7
Santa Luz,0,1,Emergência Educacional,Cluster 1: Emergência Educacional,21.5,0.7496251874062968,4.9,81.73,3.0
Santa Rosa do Piauí,2,3,Contradição Educacional,Cluster 3: Contradição Educacional,9.4,0.6451612903225806,6.6,76.17,0.2
Santana do Piauí,2,3,Contradição Educacional,Cluster 3: Contradição Educacional,8.9,0.4848484848484848,5.9,73.25,1.1
Santo Antônio de Lisboa,1,2,Pouca infraestrutura,Cluster 2: Pouca infraestrutura,18.9,0.3425244048638465,4.8,78.85,1.2
Santo Antônio dos Milagres,1,2,Pouca infraestrutura,Cluster 2: Pouca infraestrutura,13.4,0.4677268475210477,5.3,78.04,0.0
Santo Inácio do Piauí,2,3,Contradição Educacional,Cluster 3: Contradição Educacional,9.7,0.8228195282501372,5.3,75.64,0.0
Sebastião Barros,0,1,Emergência Educacional,Cluster 1: Emergência Educacional,33.5,1.2492192379762648,3.8,81.08,1.8
Sebastião Leal,0,1,Emergência Educacional,Cluster 1: Emergência Educacional,18.9,0.899685110211426,5.8,79.18,1.9
Sigefredo Pacheco,2,3,Contradição Educacional,Cluster 3: Contradição Educacional,10.6,0.5285412262156448,6.1,72.81,1.0
Simplício Mendes,1,2,Pouca infraestrutura,Cluster 2: Pouca infraestrutura,6.1,0.5046863734679163,6.7,83.53,0.0
Simões,2,3,Contradição Educacional,Cluster 3: Contradição Educacional,8.5,0.5574912891986062,7.3,76.78,0.0
Socorro do Piauí,0,1,Emergência Educacional,Cluster 1: Emergência Educacional,16.1,0.9659502535619416,4.9,78.55,1.0
Sussuapara,1,2,Pouca infraestrutura,Cluster 2: Pouca infraestrutura,23.4,0.3215434083601286,5.2,77.7,1.2
São Braz do Piauí,1,2,Pouca infraestrutura,Cluster 2: Pouca infraestrutura,13.7,0.6883891693437356,5.5,77.18,0.1
São Francisco de Assis do Piauí,0,1,Emergência Educacional,Cluster 1: Emergência Educacional,21.4,1.0768126346015794,4.2,74.37,1.6
São Francisco do Piauí,2,3,Contradição Educacional,Cluster 3: Contradição Educacional,13.9,1.2982195845697329,6.8,72.99,0.1
São Félix do Piauí,2,3,Contradição Educacional,Cluster 3: Contradição Educacional,12.6,1.055594651653765,6.0,77.91,0.3
São Gonçalo do Gurguéia,0,1,Emergência Educacional,Cluster 1: Emergência Educacional,22.7,1.0179843909060062,4.3,82.11,2.0
São Gonçalo do Piauí,1,2,Pouca infraestrutura,Cluster 2: Pouca infraestrutura,14.2,0.8269588587967748,4.7,79.2,0.0
São José do Divino,2,3,Contradição Educacional,Cluster 3: Contradição Educacional,4.4,1.4459822350753977,6.6,69.87,0.0
São José do Peixe,1,2,Pouca infraestrutura,Cluster 2: Pouca infraestrutura,15.5,0.6066120715802245,5.5,79.69,0.0
São José do Piauí,1,2,Pouca infraestrutura,Cluster 2: Pouca infraestrutura,13.9,0.4547521600727603,5.0,72.57,0.3
São João da Canabrava,2,3,Contradição Educacional,Cluster 3: Contradição Educacional,9.0,0.4714757190004714,6.9,75.21,0.2
São João da Fronteira,1,2,Pouca infraestrutura,Cluster 2: Pouca infraestrutura,13.6,0.5432814197754436,5.2,73.19,1.2
São João da Serra,2,3,Contradição Educacional,Cluster 3: Contradição Educacional,8.8,0.8177952240758913,5.9,71.77,0.0
São João da Varjota,2,3,Contradição Educacional,Cluster 3: Contradição Educacional,17.8,1.1407711613050422,5.2,72.33,0.0
São João do Arraial,2,3,Contradição Educacional,Cluster 3: Contradição Educacional,8.7,0.8551184949914489,5.9,76.95,0.3
São João do Piauí,1,2,Pouca infraestrutura,Cluster 2: Pouca infraestrutura,13.2,0.4201484524532001,5.5,82.99,0.7
São Julião,2,3,Contradição Educacional,Cluster 3: Contradição Educacional,14.4,0.6639004149377593,5.7,72.34,0.0
São Lourenço do Piauí,0,1,Emergência Educacional,Cluster 1: Emergência Educacional,13.7,1.1337868480725624,4.7,83.69,1.0
São Luis do Piauí,2,3,Contradição Educacional,Cluster 3: Contradição Educacional,7.9,0.8661758336942399,6.6,73.55,0.0
São Miguel da Baixa Grande,2,3,Contradição Educacional,Cluster 3: Contradição Educacional,18.2,0.881445570736007,6.3,70.82,0.3
São Miguel do Fidalgo,1,2,Pouca infraestrutura,Cluster 2: Pouca infraestrutura,25.2,0.3534817956875221,5.3,77.3,0.5
São Miguel do Tapuio,2,3,Contradição Educacional,Cluster 3: Contradição Educacional,1.2,0.5696707303178763,5.0,71.42,0.0
São Pedro do Piauí,1,2,Pouca infraestrutura,Cluster 2: Pouca infraestrutura,13.0,0.5089058524173028,4.8,76.66,0.2
São Raimundo Nonato,1,2,Pouca infraestrutura,Cluster 2: Pouca infraestrutura,11.5,0.4623208506703652,5.4,85.82,0.5
Tamboril do Piauí,1,2,Pouca infraestrutura,Cluster 2: Pouca infraestrutura,15.9,0.339097999321804,4.8,73.75,0.0
Tanque do Piauí,1,2,Pouca infraestrutura,Cluster 2: Pouca infraestrutura,19.2,0.4317789291882556,6.6,81.07,0.0
Teresina,1,2,Pouca infraestrutura,Cluster 2: Pouca infraestrutura,9.1,0.1985455384970564,6.4,92.88,0.2
União,1,2,Pouca infraestrutura,Cluster 2: Pouca infraestrutura,18.7,0.5637589713567077,5.6,77.02,0.0
Uruçuí,1,2,Pouca infraestrutura,Cluster 2: Pouca infraestrutura,18.8,0.2777447129310003,4.7,86.7,0.9
Valença do Piauí,1,2,Pouca infraestrutura,Cluster 2: Pouca infraestrutura,17.6,0.4937384981372593,4.6,81.96,1.2
Vera Mendes,0,1,Emergência Educacional,Cluster 1: Emergência Educacional,21.5,0.3139717425431711,4.9,68.31,1.2
Vila Nova do Piauí,2,3,Contradição Educacional,Cluster 3: Contradição Educacional,9.4,0.6814310051107325,7.1,73.1,0.0
Várzea Branca,0,1,Emergência Educacional,Cluster 1: Emergência Educacional,26.2,0.791295746785361,4.5,73.5,3.5
Várzea Grande,1,2,Pouca infraestrutura,Cluster 2: Pouca infraestrutura,11.2,0.6791940230925968,5.6,78.27,0.5
Wall Ferraz,2,3,Contradição Educacional,Cluster 3: Contradição Educacional,17.1,0.602937164274104,5.6,71.13,0.2
Água Branca,1,2,Pouca infraestrutura,Cluster 2: Pouca infraestrutura,5.9,0.3983383599840664,6.8,84.94,0.0
