Cluster,Número do Cluster,Perfil,Pontos Fortes,Pontos Fracos,Recomendações
0,1,Cluster 1: Emergência Educacional,- Alta disponibilidade de escolas por habitante,"- Taxa de distorção idade-série muito alta
- IDEB anos iniciais baixo
- Alta taxa de abandono escolar","- Implementar programas de correção de fluxo escolar
- Fortalecer práticas pedagógicas para melhoria do IDEB
- Desenvolver ações para redução do abandono escolar"
1,2,Cluster 2: Pouca infraestrutura,"- Maior taxa de alfabetização
- Baixa taxa de abandono escolar
- IDEB moderado","- Menor número de escolas por habitante
- Distorção idade-série moderada","- Ampliar a rede de escolas
- Otimizar a distribuição de escolas no território
- Continuar fortalecendo as práticas de alfabetização"
2,3,Cluster 3: Contradição Educacional,"- IDEB anos iniciais mais alto
- Menor taxa de distorção idade-série
- Menor taxa de abandono escolar","- Taxa de alfabetização mais baixa, criando uma contradição com outros indicadores
- Possível desigualdade na distribuição de qualidade educacional","- Investigar a contradição entre o bom IDEB e a baixa alfabetização
- Desenvolver programas específicos de alfabetização
- Focar em ações para reduzir a desigualdade educacional"
