cluster,Desmatamento Caatinga por ha (2023),Desmatamento Cerrado por ha (2023),Áreas Queimadas por ha (2024),Emissões de GEE (ton/ano) (2023),Perfil,Pontos Fortes,Pontos Fracos,Recomendações
0,5.204727360300056e-06,7.016834697853751e-06,0.35988366705132896,149156.02737758143,Cluster Vulnerável a Incêndios e Altas Emissões,"- Desmatamento Caatinga muito baixo (0.00000520)
- Desmatamento Cerrado baixo (0.00000702)","- Áreas Queimadas em níveis elevados (0.359884)
- Emissões de GEE (ton/ano) muito elevadas (149156.0 ton/ano) - maior média entre clusters","- Implementar programas de prevenção e controle de incêndios prioritários
- Desenvolver políticas de redução de emissões de gases de efeito estufa
- Ampliar sistemas de monitoramento precoce de queimadas
- Incentivar práticas agropecuárias de baixa emissão de carbono"
1,9.05463160600019e-06,8.897445520164092e-06,0.12063181567722474,128469.0850912958,Cluster Moderado com Emissões Expressivas,"- Desmatamento Caatinga muito baixo (0.00000905)
- Desmatamento Cerrado baixo (0.00000890)
- Áreas Queimadas bem controladas (0.120632) - menor taxa entre clusters",- Emissões de GEE (ton/ano) significativas (128469.1 ton/ano),"- Documentar e compartilhar práticas de sucesso no controle de incêndios
- Implementar projetos de redução de emissões de GEE para fontes industriais e urbanas
- Desenvolver mecanismos de captura e compensação de carbono
- Investigar origens das emissões significativas apesar do baixo índice de queimadas"
2,1.6481670440498803e-05,0.00011154150042658562,0.24143178346560043,58932.74295871429,Cluster com Pressão sobre o Cerrado,"- Desmatamento Caatinga baixo (0.00001648)
- Emissões de GEE (ton/ano) moderadas (58932.7 ton/ano)","- Desmatamento Cerrado extremamente elevado (0.00011154) - 10x maior que outros clusters
- Áreas Queimadas moderadas (0.241432)","- Implementar medidas urgentes de proteção e conservação do Cerrado
- Fiscalizar rigorosamente o desmatamento no bioma Cerrado
- Mapear áreas críticas para proteção imediata do Cerrado
- Desenvolver planos de manejo sustentável específicos para o Cerrado"
3,6.938139981363574e-05,1.0944944504376524e-05,0.4318778601414704,99839.2045389524,Cluster Crítico de Desmatamento de Caatinga e Incêndios,- Desmatamento Cerrado baixo (0.00001094),"- Desmatamento Caatinga crítico (0.00006938) - maior taxa entre os clusters
- Áreas Queimadas em níveis críticos (0.431878) - segunda maior taxa
- Emissões de GEE (ton/ano) moderadas (99839.2 ton/ano)","- Implementar medidas emergenciais de proteção e conservação da Caatinga
- Fiscalizar e coibir o desmatamento ilegal com ações intensivas
- Criar áreas de proteção ambiental prioritárias no bioma Caatinga
- Desenvolver programas integrados de combate a incêndios e desmatamento"
4,1.5662338416980156e-05,9.671990249225463e-06,0.17546698466786653,0.0,Cluster Zero Emissões com Déficit de Monitoramento,"- Desmatamento Caatinga baixo (0.00001566)
- Desmatamento Cerrado baixo (0.00000967)","- Áreas Queimadas consideráveis (0.175467)
- Emissões de GEE (ton/ano) zeradas (0.0 ton/ano) - possível déficit de monitoramento","- Implementar sistemas de monitoramento de emissões de GEE
- Verificar possíveis falhas na coleta e registro de dados de emissões
- Realizar auditoria nos sistemas de mensuração de GEE
- Capacitar equipes locais para adequada coleta e registro de dados ambientais"
