Municipio,População (Censo 2022),IDEB AI - Pública,IDEB Anos Finais - Pública,SAEPI Português 2º ano Ensino Fundamental ,SAEPI Matemática 2º ano Ensino Fundamental ,Taxa de evasão ensino fund. Anos Iniciais,Taxa de evasão ensino fund. Anos Finais ,Taxa de Abandono - Anos Iniciais,Taxa de Abandono - Anos Finais,SAEPI_Média,IDEB_Média,cluster
Acauã,6420.0,6.2,5.6,661.0,547.0,0.5,3.9,0.0,0.0,604.0,5.9,1
Agricolândia,4940.0,5.2,5.2,619.0,567.0,2.2,1.3,0.3,1.1,593.0,5.2,2
Água Branca,17573.0,6.8,5.6,719.0,636.0,0.5,1.9,0.0,0.0,677.5,6.199999999999999,1
Alagoinha do Piauí,6819.0,5.3,5.7,618.0,568.0,1.2,5.1,0.9,2.1,593.0,5.5,2
Alegrete do Piauí,4634.0,5.8,5.0,624.0,525.0,1.5,4.3,0.0,0.3,574.5,5.4,2
Alto Longá,13479.0,5.6,5.0,680.0,562.0,0.4,2.3,0.2,0.0,621.0,5.3,1
Altos,47453.0,7.0,5.6,625.0,573.0,1.4,2.5,0.1,0.3,599.0,6.3,1
Alvorada do Gurguéia,5322.0,4.8,3.2,590.0,530.0,1.9,2.4,0.8,4.0,560.0,4.0,0
Amarante,17234.0,4.4,4.3,555.0,482.0,1.4,2.4,0.0,0.5,518.5,4.35,2
Angical do Piauí,6827.0,6.8,5.2,725.0,605.0,1.2,1.1,0.0,0.0,665.0,6.0,1
Anísio de Abreu,9407.0,5.3,5.0,623.0,568.0,1.2,5.1,0.0,0.0,595.5,5.15,1
Antônio Almeida,3152.0,6.1,5.6,661.0,601.0,0.0,2.1,0.0,0.0,631.0,5.85,1
Aroazes,5369.0,5.8,4.6,577.0,520.0,0.9,2.2,0.0,1.6,548.5,5.199999999999999,2
Aroeiras do Itaim,2690.0,5.1,4.8,676.0,583.0,0.0,9.1,0.0,0.0,629.5,4.949999999999999,1
Arraial,4520.0,5.4,4.3,747.0,641.0,1.4,1.9,0.0,0.4,694.0,4.85,1
Assunção do Piauí,7452.0,5.7,4.3,658.0,581.0,1.3,6.1,0.0,2.1,619.5,5.0,1
Avelino Lopes,10866.0,4.6,4.2,588.0,489.0,0.7,6.7,0.0,0.0,538.5,4.4,2
Baixa Grande do Ribeiro,13272.0,5.8,5.5,696.0,585.0,1.8,3.7,0.1,0.2,640.5,5.65,1
Barra D'Alcântara,3995.0,6.1,4.3,703.0,554.0,0.0,1.9,0.0,0.0,628.5,5.199999999999999,1
Barras,47938.0,5.6,4.6,617.0,539.0,0.5,2.9,0.1,0.9,578.0,5.1,2
Barreiras do Piauí,3264.0,4.1,2.6,591.0,481.0,3.4,6.3,2.0,9.5,536.0,3.3499999999999996,0
Barro Duro,6640.0,5.4,3.5,563.0,477.0,2.9,4.5,0.5,4.9,520.0,4.45,0
Batalha,26300.0,4.9,5.3,591.0,509.0,1.6,5.0,0.4,1.0,550.0,5.1,2
Bela Vista do Piauí,4091.0,6.8,5.5,723.0,663.0,0.4,3.1,0.0,0.0,693.0,6.15,1
Belém do Piauí,3423.0,6.8,5.1,758.0,631.0,0.0,1.4,0.0,0.0,694.5,5.949999999999999,1
Beneditinos,9929.0,6.3,5.3,636.0,544.0,6.1,8.3,0.0,0.5,590.0,5.8,1
Bertolínia,5562.0,4.9,4.2,558.0,472.0,4.1,2.6,0.3,2.9,515.0,4.550000000000001,0
Betânia do Piauí,6220.0,4.8,4.0,656.0,566.0,3.6,5.1,0.4,1.7,611.0,4.4,0
Boa Hora,6902.0,4.5,4.5,589.0,489.0,1.6,2.2,0.0,0.6,539.0,4.5,2
Bocaina,4078.0,5.1,4.2,605.0,511.0,1.6,1.8,0.0,0.0,558.0,4.65,2
Bom Jesus,28796.0,7.3,5.2,786.0,653.0,4.0,4.6,0.0,1.1,719.5,6.25,1
Bom Princípio do Piauí,5636.0,4.8,4.4,660.0,573.0,2.1,3.3,0.0,3.1,616.5,4.6,0
Bonfim do Piauí,5913.0,4.3,4.9,565.0,484.0,1.2,4.4,0.2,1.7,524.5,4.6,2
Boqueirão do Piauí,6545.0,5.3,5.0,673.0,561.0,1.1,1.8,0.0,0.5,617.0,5.15,1
Brasileira,8436.0,5.5,4.8,580.0,494.0,0.4,6.1,0.0,0.4,537.0,5.15,2
Brejo do Piauí,3904.0,5.4,4.9,728.0,617.0,1.3,3.3,0.0,0.0,672.5,5.15,1
Buriti dos Lopes,19654.0,5.5,4.9,617.0,522.0,2.0,3.2,0.1,0.9,569.5,5.2,2
Buriti dos Montes,7434.0,7.3,6.5,749.0,609.0,0.2,3.1,0.0,0.0,679.0,6.9,1
Cabeceiras do Piauí,10212.0,5.7,4.8,614.0,521.0,1.7,2.9,0.0,0.2,567.5,5.25,2
Cajazeiras do Piauí,3108.0,4.9,4.3,642.0,593.0,0.0,0.9,0.0,0.0,617.5,4.6,2
Cajueiro da Praia,7957.0,6.4,5.4,640.0,551.0,2.2,8.0,0.0,0.0,595.5,5.9,1
Caldeirão Grande do Piauí,5503.0,7.2,5.9,784.0,611.0,0.3,2.2,0.0,0.0,697.5,6.550000000000001,1
Campinas do Piauí,4938.0,5.5,4.3,717.0,610.0,1.0,3.3,0.3,1.6,663.5,4.9,1
Campo Alegre do Fidalgo,4616.0,4.4,3.4,613.0,545.0,1.6,7.1,2.0,0.9,579.0,3.9000000000000004,0
Campo Grande do Piauí,6020.0,7.0,5.0,739.0,626.0,0.5,1.5,0.0,0.0,682.5,6.0,1
Campo Largo do Piauí,7419.0,4.0,3.7,663.0,570.0,2.3,6.2,0.0,1.7,616.5,3.85,0
Campo Maior,45793.0,6.3,5.4,609.0,521.0,1.8,3.0,0.1,0.1,565.0,5.85,1
Canavieira,3414.0,4.9,5.0,679.0,576.0,1.9,3.4,0.0,0.6,627.5,4.95,1
Canto do Buriti,19365.0,4.4,4.5,561.0,476.0,2.0,3.8,1.2,1.4,518.5,4.45,0
Capitão de Campos,11100.0,5.3,3.9,604.0,496.0,1.0,1.4,0.0,1.6,550.0,4.6,2
Capitão Gervásio Oliveira,3974.0,5.4,4.4,688.0,556.0,1.0,3.8,0.0,0.4,622.0,4.9,1
Caracol,10318.0,3.5,3.6,593.0,518.0,1.4,14.2,4.3,7.7,555.5,3.55,0
Caraúbas do Piauí,5630.0,5.5,3.2,662.0,588.0,0.7,5.4,0.4,4.6,625.0,4.35,0
Caridade do Piauí,5033.0,5.8,5.2,627.0,560.0,1.6,2.9,0.2,0.6,593.5,5.5,1
Castelo do Piauí,19288.0,6.7,5.3,678.0,573.0,1.1,2.7,0.0,0.0,625.5,6.0,1
Caxingó,5496.0,3.8,3.8,574.0,468.0,1.8,4.1,1.1,3.9,521.0,3.8,0
Cocal,28212.0,6.5,5.6,686.0,593.0,2.1,7.3,0.0,0.1,639.5,6.05,1
Cocal de Telha,4911.0,5.3,5.3,630.0,529.0,1.3,1.1,0.0,0.0,579.5,5.3,2
Cocal dos Alves,6386.0,7.8,6.4,716.0,611.0,0.4,3.1,0.2,0.3,663.5,7.1,1
Coivaras,4117.0,5.7,4.8,742.0,615.0,0.2,0.7,0.0,2.1,678.5,5.25,1
Colônia do Gurguéia,6150.0,4.5,4.3,676.0,559.0,2.7,6.3,0.2,3.0,617.5,4.4,0
Colônia do Piauí,6994.0,6.1,4.5,603.0,537.0,1.1,3.4,0.0,0.0,570.0,5.3,2
Conceição do Canindé,4932.0,4.9,4.9,652.0,559.0,1.7,4.0,0.0,0.0,605.5,4.9,2
Coronel José Dias,4250.0,5.5,3.9,638.0,526.0,0.4,2.4,0.4,0.4,582.0,4.7,2
Corrente,27278.0,4.5,3.7,575.0,496.0,9.8,5.5,0.9,2.5,535.5,4.1,0
Cristalândia do Piauí,7356.0,4.7,4.3,669.0,575.0,1.0,3.4,0.8,1.5,622.0,4.5,0
Cristino Castro,10503.0,4.2,3.3,706.0,611.0,2.2,3.7,1.7,3.8,658.5,3.75,0
Curimatá,11270.0,5.5,5.1,678.0,563.0,2.0,4.5,0.2,1.1,620.5,5.3,1
Currais,4854.0,5.2,4.0,703.0,599.0,0.2,3.2,1.3,2.4,651.0,4.6,0
Curral Novo do Piauí,5073.0,5.7,5.0,589.0,507.0,1.2,6.1,0.0,1.7,548.0,5.35,2
Curralinhos,4413.0,4.8,4.3,557.0,473.0,0.7,1.9,0.8,0.4,515.0,4.55,2
Demerval Lobão,16352.0,7.4,5.6,650.0,542.0,1.2,2.6,0.0,0.0,596.0,6.5,1
Dirceu Arcoverde,7054.0,4.2,4.7,523.0,489.0,0.0,0.7,1.0,1.9,506.0,4.45,2
Dom Expedito Lopes,6320.0,6.2,5.3,670.0,588.0,0.5,0.9,0.0,0.0,629.0,5.75,1
Dom Inocêncio,9159.0,5.5,4.9,700.0,550.0,0.6,3.1,0.0,0.0,625.0,5.2,1
Domingos Mourão,4075.0,8.4,6.1,715.0,580.0,1.0,2.8,0.0,0.0,647.5,7.25,1
Elesbão Veloso,13607.0,5.8,5.2,584.0,493.0,0.7,2.0,0.0,0.4,538.5,5.5,2
Eliseu Martins,4377.0,5.3,4.9,622.0,576.0,0.3,2.6,0.0,0.4,599.0,5.1,2
Esperantina,40970.0,6.1,4.8,687.0,600.0,1.5,3.9,0.3,0.6,643.5,5.449999999999999,1
Fartura do Piauí,5284.0,4.8,4.0,617.0,523.0,3.4,4.5,2.2,8.0,570.0,4.4,0
Flores do Piauí,4414.0,4.8,4.4,580.0,572.0,6.3,4.7,0.6,2.8,576.0,4.6,0
Floresta do Piauí,2333.0,5.9,5.5,635.0,559.0,0.7,2.0,0.0,0.0,597.0,5.7,1
Floriano,62036.0,5.9,5.4,604.0,496.0,1.8,4.1,0.1,1.0,550.0,5.65,2
Francinópolis,4505.0,6.5,4.7,689.0,554.0,0.3,4.1,0.0,0.0,621.5,5.6,1
Francisco Ayres,4412.0,4.1,4.2,571.0,491.0,2.1,4.0,0.3,2.1,531.0,4.15,0
Francisco Macedo,2929.0,5.3,4.7,745.0,582.0,1.0,2.3,0.0,0.0,663.5,5.0,1
Francisco Santos,8237.0,5.5,5.3,588.0,458.0,1.6,3.4,0.5,2.7,523.0,5.4,2
Fronteiras,10259.0,7.0,4.7,763.0,648.0,1.8,1.5,0.0,0.8,705.5,5.85,1
Geminiano,5445.0,5.2,4.4,603.0,518.0,3.0,2.8,0.3,1.3,560.5,4.800000000000001,2
Gilbués,10892.0,3.7,3.7,580.0,505.0,2.5,5.4,6.1,12.1,542.5,3.7,0
Guadalupe,10270.0,4.6,4.2,633.0,535.0,1.3,3.3,0.0,0.7,584.0,4.4,2
Guaribas,4276.0,4.6,3.6,608.0,559.0,0.7,3.3,0.3,0.8,583.5,4.1,2
Hugo Napoleão,3518.0,5.1,5.0,663.0,554.0,0.3,4.5,0.0,0.0,608.5,5.05,1
Ilha Grande,9274.0,4.5,4.6,552.0,476.0,3.7,1.7,0.2,0.8,514.0,4.55,2
Inhuma,14958.0,5.5,5.2,638.0,551.0,1.3,3.3,0.0,0.0,594.5,5.35,1
Ipiranga do Piauí,9420.0,6.5,5.3,765.0,621.0,1.1,1.1,0.0,0.0,693.0,5.9,1
Isaías Coelho,7774.0,5.6,4.7,565.0,485.0,0.3,1.6,0.1,0.0,525.0,5.15,2
Itainópolis,10790.0,6.5,5.3,650.0,571.0,2.2,3.4,0.0,0.0,610.5,5.9,1
Itaueira,10323.0,5.1,4.0,671.0,533.0,1.8,3.8,2.7,7.5,602.0,4.55,0
Jacobina do Piauí,5613.0,6.1,5.0,696.0,582.0,0.2,5.1,0.0,0.0,639.0,5.55,1
Jaicós,17527.0,5.8,5.2,620.0,556.0,1.2,7.0,0.0,0.0,588.0,5.5,1
Jardim do Mulato,4180.0,5.2,4.8,666.0,546.0,0.3,2.9,0.0,3.5,606.0,5.0,2
Jatobá do Piauí,4494.0,4.5,4.9,703.0,598.0,0.2,0.5,0.0,0.0,650.5,4.7,1
Jerumenha,4497.0,4.5,4.7,654.0,561.0,1.7,2.9,1.1,2.7,607.5,4.6,0
João Costa,2970.0,3.7,3.4,690.0,566.0,0.0,0.9,0.4,1.0,628.0,3.55,2
Joaquim Pires,13886.0,6.1,5.2,696.0,589.0,1.1,4.0,0.1,0.0,642.5,5.65,1
Joca Marques,5394.0,5.2,4.0,575.0,483.0,0.2,1.6,0.0,4.6,529.0,4.6,2
José de Freitas,42559.0,4.9,4.1,575.0,505.0,1.1,3.2,0.3,1.3,540.0,4.5,2
Juazeiro do Piauí,5214.0,6.0,4.6,640.0,538.0,0.2,3.3,0.0,0.0,589.0,5.3,1
Júlio Borges,5388.0,6.2,3.7,716.0,601.0,0.5,5.3,0.0,3.4,658.5,4.95,1
Jurema,4425.0,4.2,4.2,748.0,617.0,0.7,4.5,0.3,1.7,682.5,4.2,0
Lagoa Alegre,8256.0,5.2,4.9,618.0,496.0,0.6,3.2,0.0,0.5,557.0,5.050000000000001,2
Lagoa de São Francisco,6331.0,5.8,4.9,670.0,567.0,0.6,8.2,0.0,0.5,618.5,5.35,1
Lagoa do Barro do Piauí,4995.0,5.3,4.4,619.0,526.0,0.4,3.1,0.0,0.5,572.5,4.85,2
Lagoa do Piauí,4810.0,3.9,4.1,578.0,483.0,0.7,3.0,0.0,0.0,530.5,4.0,2
Lagoa do Sítio,4520.0,4.5,4.3,630.0,518.0,0.8,0.7,0.0,0.7,574.0,4.4,2
Lagoinha do Piauí,2939.0,5.4,5.0,719.0,629.0,2.3,1.2,0.0,2.7,674.0,5.2,1
Landri Sales,5213.0,6.3,5.9,766.0,647.0,2.7,2.9,0.4,1.8,706.5,6.1,1
Luís Correia,30641.0,4.7,4.5,593.0,520.0,2.3,4.1,0.5,1.6,556.5,4.6,0
Luzilândia,25375.0,4.5,3.9,612.0,512.0,1.7,4.1,2.0,5.2,562.0,4.2,0
Madeiro,8032.0,4.7,4.0,597.0,496.0,1.4,2.7,0.0,0.9,546.5,4.35,2
Manoel Emídio,5209.0,5.9,4.6,666.0,577.0,4.5,4.4,0.3,1.0,621.5,5.25,1
Marcolândia,8533.0,5.1,4.8,709.0,588.0,2.0,4.9,0.0,0.0,648.5,4.949999999999999,1
Marcos Parente,4724.0,5.1,5.2,674.0,569.0,2.1,4.6,1.2,1.8,621.5,5.15,0
Massapê do Piauí,5218.0,5.1,4.7,613.0,492.0,1.4,6.7,0.0,2.1,552.5,4.9,2
Matias Olímpio,10641.0,4.8,3.9,592.0,507.0,0.9,3.9,0.0,2.0,549.5,4.35,2
Miguel Alves,32150.0,3.8,3.2,612.0,554.0,2.2,5.8,0.1,0.9,583.0,3.5,0
Miguel Leão,1318.0,4.2,4.2,642.0,498.0,0.0,3.3,0.0,3.5,570.0,4.2,2
Milton Brandão,6542.0,4.5,4.6,557.0,459.0,2.1,11.5,0.5,0.8,508.0,4.55,0
Monsenhor Gil,10255.0,4.7,3.9,579.0,493.0,1.2,2.0,0.3,1.4,536.0,4.3,2
Monsenhor Hipólito,7577.0,6.4,4.9,803.0,660.0,0.5,3.0,0.0,0.2,731.5,5.65,1
Monte Alegre do Piauí,10660.0,4.1,3.7,609.0,508.0,1.9,2.5,0.3,1.8,558.5,3.9,0
Morro Cabeça no Tempo,4377.0,3.9,3.9,522.0,461.0,0.0,0.0,1.7,3.6,491.5,3.9,2
Morro do Chapéu do Piauí,6425.0,4.8,4.5,567.0,490.0,0.9,3.1,0.2,1.7,528.5,4.65,2
Murici dos Portelas,9797.0,5.1,3.3,625.0,519.0,0.6,2.7,1.0,9.3,572.0,4.199999999999999,0
Nazaré do Piauí,6665.0,5.6,4.4,567.0,454.0,1.0,3.3,0.2,0.5,510.5,5.0,2
Nazária,10262.0,5.8,4.7,599.0,485.0,2.1,4.5,0.5,1.1,542.0,5.25,2
Nossa Senhora de Nazaré,5228.0,5.6,4.4,730.0,614.0,1.0,2.0,0.6,0.0,672.0,5.0,1
Nossa Senhora dos Remédios,8525.0,5.1,4.5,586.0,505.0,5.2,9.8,2.1,1.9,545.5,4.8,0
Nova Santa Rita,4076.0,4.1,3.9,591.0,512.0,0.3,1.9,0.0,1.6,551.5,4.0,2
Novo Oriente do Piauí,6097.0,5.3,4.0,728.0,631.0,2.7,4.1,0.6,2.3,679.5,4.65,0
Novo Santo Antônio,2827.0,5.1,5.0,665.0,535.0,1.6,4.4,0.0,0.0,600.0,5.05,2
Oeiras,38161.0,7.1,5.9,637.0,539.0,0.8,3.0,0.0,0.0,588.0,6.5,1
Olho D'Água do Piauí,2637.0,6.4,4.6,669.0,590.0,0.0,2.6,0.0,0.6,629.5,5.5,1
Padre Marcos,6382.0,6.6,4.7,809.0,653.0,1.4,1.5,0.0,0.0,731.0,5.65,1
Paes Landim,4088.0,6.0,4.8,574.0,506.0,2.3,2.4,0.3,2.1,540.0,5.4,2
Pajeú do Piauí,3000.0,6.4,5.6,627.0,548.0,0.0,1.7,0.0,0.0,587.5,6.0,1
Palmeira do Piauí,4952.0,6.3,5.1,675.0,562.0,1.1,3.0,0.0,0.0,618.5,5.699999999999999,1
Palmeirais,13264.0,3.9,3.9,572.0,480.0,1.5,3.9,0.0,0.0,526.0,3.9,2
Paquetá,3813.0,4.7,4.1,597.0,482.0,0.9,6.1,0.5,2.9,539.5,4.4,0
Parnaguá,10103.0,6.2,4.5,595.0,476.0,6.9,11.6,1.0,2.8,535.5,5.35,0
Parnaíba,162159.0,5.5,5.2,570.0,484.0,3.3,3.8,0.7,1.0,527.0,5.35,2
Passagem Franca do Piauí,4135.0,4.6,3.9,626.0,605.0,5.1,7.8,0.7,2.8,615.5,4.25,0
Patos do Piauí,5425.0,5.6,5.0,608.0,530.0,0.5,4.5,0.0,0.0,569.0,5.3,2
Pau D'Arco do Piauí,3880.0,5.3,5.8,582.0,485.0,1.8,2.7,0.0,0.0,533.5,5.55,2
Paulistana,21055.0,5.2,4.5,594.0,515.0,1.5,4.6,0.1,0.3,554.5,4.85,2
Pavussu,3628.0,4.2,4.0,700.0,574.0,3.8,2.4,0.7,3.1,637.0,4.1,0
Pedro II,37894.0,5.0,4.8,571.0,496.0,2.0,5.6,0.0,0.7,533.5,4.9,2
Pedro Laurentino,2458.0,5.3,4.1,581.0,518.0,2.0,3.1,0.0,4.5,549.5,4.699999999999999,2
Picos,83090.0,5.1,4.8,607.0,502.0,2.2,4.0,1.6,2.4,554.5,4.949999999999999,0
Pimenteiras,11341.0,4.4,4.1,647.0,549.0,1.6,7.2,0.2,0.4,598.0,4.25,0
Pio IX,17613.0,5.3,4.8,609.0,492.0,1.5,6.4,0.4,1.4,550.5,5.05,2
Piracuruca,28846.0,7.4,5.6,681.0,585.0,1.0,3.1,0.0,0.0,633.0,6.5,1
Piripiri,65538.0,5.8,5.1,602.0,520.0,0.7,2.5,0.0,0.2,561.0,5.449999999999999,2
Porto,12052.0,5.3,4.6,569.0,509.0,3.8,3.1,0.0,0.0,539.0,4.949999999999999,2
Porto Alegre do Piauí,2364.0,5.3,4.8,628.0,595.0,3.1,5.3,0.0,0.7,611.5,5.05,1
Prata do Piauí,3042.0,5.1,5.1,573.0,492.0,0.3,1.3,0.0,2.8,532.5,5.1,2
Queimada Nova,8738.0,5.8,4.1,640.0,526.0,0.7,5.5,0.5,0.8,583.0,4.949999999999999,2
Redenção do Gurguéia,8394.0,4.8,3.7,659.0,576.0,2.5,2.6,1.2,3.4,617.5,4.25,0
Regeneração,17133.0,4.4,4.0,561.0,464.0,1.1,1.7,0.2,1.4,512.5,4.2,2
Riacho Frio,4165.0,4.6,3.9,750.0,656.0,1.6,3.1,1.0,2.0,703.0,4.25,0
Ribeira do Piauí,4055.0,5.0,4.7,594.0,507.0,1.7,3.2,0.0,1.7,550.5,4.85,2
Ribeiro Gonçalves,6164.0,6.4,4.5,695.0,639.0,0.8,4.5,0.0,1.8,667.0,5.45,1
Rio Grande do Piauí,5801.0,5.8,5.1,577.0,509.0,1.5,2.5,0.0,0.0,543.0,5.449999999999999,2
Santa Cruz do Piauí,5831.0,5.2,4.3,777.0,646.0,0.6,2.6,0.7,0.0,711.5,4.75,1
Santa Cruz dos Milagres,3435.0,5.5,3.6,622.0,516.0,1.0,0.4,0.4,1.6,569.0,4.55,2
Santa Filomena,6087.0,5.0,5.2,628.0,527.0,2.1,6.9,0.4,1.1,577.5,5.1,0
Santa Luz,5336.0,4.9,4.5,623.0,547.0,1.6,4.0,4.6,1.3,585.0,4.7,0
Santa Rosa do Piauí,4650.0,6.6,4.7,622.0,490.0,0.3,1.2,0.0,0.3,556.0,5.65,2
Santana do Piauí,4125.0,5.9,5.1,641.0,531.0,1.3,2.9,0.0,2.6,586.0,5.5,2
Santo Antônio de Lisboa,5839.0,4.8,4.5,623.0,534.0,2.0,2.8,0.0,2.9,578.5,4.65,2
Santo Antônio dos Milagres,2138.0,5.3,3.8,646.0,564.0,1.2,1.5,0.0,0.0,605.0,4.55,2
Santo Inácio do Piauí,3646.0,5.3,4.8,687.0,611.0,0.9,2.2,0.0,0.0,649.0,5.05,1
São Braz do Piauí,4358.0,5.5,5.1,654.0,598.0,2.1,4.9,0.0,0.4,626.0,5.3,1
São Félix do Piauí,2842.0,6.0,5.5,656.0,519.0,0.0,1.0,0.6,0.0,587.5,5.75,1
São Francisco de Assis do Piauí,5572.0,4.2,3.4,568.0,469.0,0.6,6.7,0.4,2.6,518.5,3.8,0
São Francisco do Piauí,5392.0,6.8,5.3,647.0,570.0,1.7,5.1,0.0,0.3,608.5,6.05,1
São Gonçalo do Gurguéia,2947.0,4.3,4.1,600.0,496.0,1.6,5.4,0.0,4.3,548.0,4.199999999999999,0
São Gonçalo do Piauí,4837.0,4.7,4.7,633.0,503.0,1.1,6.9,0.0,0.0,568.0,4.7,2
São João da Canabrava,4242.0,6.9,5.8,748.0,635.0,0.7,3.5,0.3,0.0,691.5,6.35,1
São João da Fronteira,5522.0,5.2,4.2,588.0,493.0,0.7,6.6,0.2,2.2,540.5,4.7,2
São João da Serra,6114.0,5.9,4.7,691.0,579.0,2.0,2.6,0.0,0.0,635.0,5.300000000000001,1
São João da Varjota,4383.0,5.2,4.9,712.0,609.0,1.0,2.8,0.0,0.0,660.5,5.050000000000001,1
São João do Arraial,8186.0,5.9,5.3,688.0,608.0,0.2,2.8,0.0,0.7,648.0,5.6,1
São João do Piauí,21421.0,5.5,4.5,635.0,538.0,1.1,3.9,0.1,1.2,586.5,5.0,2
São José do Divino,4841.0,6.6,5.3,735.0,610.0,0.2,4.6,0.0,0.0,672.5,5.949999999999999,1
São José do Peixe,3297.0,5.5,4.4,638.0,546.0,0.7,2.7,0.0,0.0,592.0,4.95,2
São José do Piauí,6597.0,5.0,4.7,713.0,630.0,0.8,2.7,0.5,0.2,671.5,4.85,1
São Julião,6025.0,5.7,4.7,701.0,575.0,1.0,4.8,0.0,0.0,638.0,5.2,1
São Lourenço do Piauí,4410.0,4.7,4.5,650.0,578.0,1.3,1.8,0.0,2.1,614.0,4.6,2
São Luis do Piauí,2309.0,6.6,5.1,631.0,516.0,0.7,5.4,0.0,0.0,573.5,5.85,1
São Miguel da Baixa Grande,2269.0,6.3,5.6,622.0,544.0,0.0,3.2,0.0,0.7,583.0,5.949999999999999,1
São Miguel do Fidalgo,2829.0,5.3,4.8,609.0,526.0,0.4,0.0,0.5,0.6,567.5,5.05,2
São Miguel do Tapuio,17554.0,5.0,4.3,596.0,504.0,2.8,3.6,0.0,0.0,550.0,4.65,2
São Pedro do Piauí,13755.0,4.8,5.0,654.0,557.0,1.5,3.3,0.0,0.3,605.5,4.9,2
São Raimundo Nonato,38934.0,5.4,4.5,664.0,573.0,1.3,4.3,0.0,0.9,618.5,4.95,1
Sebastião Barros,3202.0,3.8,3.8,573.0,497.0,2.9,5.7,1.4,2.5,535.0,3.8,0
Sebastião Leal,4446.0,5.8,4.6,672.0,552.0,0.3,3.1,0.3,3.8,612.0,5.199999999999999,2
Sigefredo Pacheco,9460.0,6.1,5.4,650.0,514.0,2.6,6.3,0.3,1.6,582.0,5.75,1
Simões,14350.0,7.3,5.8,682.0,552.0,1.1,6.4,0.0,0.0,617.0,6.55,1
Simplício Mendes,13870.0,6.7,4.9,630.0,553.0,0.8,3.2,0.0,0.0,591.5,5.800000000000001,1
Socorro do Piauí,4141.0,4.9,3.5,550.0,479.0,0.7,0.7,0.0,2.2,514.5,4.2,2
Sussuapara,6220.0,5.2,4.3,618.0,526.0,1.7,2.9,0.5,1.9,572.0,4.75,2
Tamboril do Piauí,2949.0,4.8,4.5,635.0,524.0,0.4,0.6,0.0,0.0,579.5,4.65,2
Tanque do Piauí,2316.0,6.6,5.8,568.0,491.0,0.5,0.5,0.0,0.0,529.5,6.199999999999999,2
Teresina,866300.0,6.4,5.7,615.0,506.0,1.7,3.1,0.1,0.4,560.5,6.050000000000001,1
União,46119.0,5.6,5.1,557.0,453.0,0.8,3.9,0.0,0.1,505.0,5.35,2
Uruçuí,25203.0,4.7,4.7,547.0,463.0,1.4,3.4,0.3,1.7,505.0,4.7,2
Valença do Piauí,22279.0,4.6,4.6,577.0,489.0,1.6,1.8,0.5,1.9,533.0,4.6,2
Várzea Branca,5055.0,4.5,3.7,563.0,498.0,0.7,5.0,0.8,6.5,530.5,4.1,0
Várzea Grande,4417.0,5.6,4.7,645.0,506.0,1.8,1.4,0.4,0.4,575.5,5.15,2
Vera Mendes,3185.0,4.9,4.5,616.0,520.0,1.6,5.1,0.4,2.2,568.0,4.7,0
Vila Nova do Piauí,2935.0,7.1,6.0,734.0,615.0,0.6,0.8,0.0,0.0,674.5,6.55,1
Wall Ferraz,4059.0,5.6,4.9,606.0,501.0,0.7,2.3,0.0,0.5,553.5,5.25,2
