Municípios,IDEB fundamental,Matrículas no ensino fundamental,Matrículas no ensino médio,Docentes no ensino fundamental,Docentes no ensino médio,População no último censo,Matrículas no ensino fundamental_log,Matrículas no ensino médio_log,Docentes no ensino fundamental_log,Docentes no ensino médio_log,Cluster,Proximidade_Cluster
Acauã,5.6,764.0,228.0,53.0,15.0,6420,6.639875833826536,5.43372200355424,3.9889840465642745,2.772588722239781,0,0.8217425507003832
Agricolândia,5.2,661.0,208.0,54.0,27.0,4940,6.495265555937008,5.342334251964811,4.007333185232471,3.332204510175204,0,0.8325503093161775
Água Branca,5.6,2454.0,606.0,161.0,53.0,17573,7.805882040228621,6.408528791059498,5.087596335232384,3.9889840465642745,2,1.3275041813716055
Alagoinha do Piauí,5.7,750.0,165.0,61.0,18.0,6819,6.621405651764134,5.111987788356544,4.127134385045092,2.9444389791664403,0,0.8947772009736678
Alegrete do Piauí,5.0,568.0,151.0,44.0,17.0,4634,6.343880434126331,5.0238805208462765,3.8066624897703196,2.8903717578961645,0,0.30498333621669144
Alto Longá,5.0,1382.0,361.0,114.0,34.0,13479,7.232010331664759,5.8916442118257715,4.74493212836325,3.5553480614894135,2,0.388549976792809
Altos,5.6,6304.0,1822.0,355.0,156.0,47453,8.74909824839902,7.508238774678663,5.87493073085203,5.056245805348308,1,0.9078006497348803
Alvorada do Gurguéia,3.2,855.0,204.0,92.0,20.0,5322,6.752270376141742,5.3230099791384085,4.532599493153256,3.044522437723423,4,1.2065820348199274
Amarante,4.3,2676.0,594.0,205.0,49.0,17234,7.892452043520352,6.38856140554563,5.327876168789581,3.912023005428146,2,1.0583460793093296
Angical do Piauí,5.2,929.0,627.0,64.0,80.0,6827,6.835184586147301,6.4425401664681985,4.174387269895637,4.394449154672439,2,0.5845387489382043
Anísio de Abreu,5.0,1391.0,334.0,111.0,28.0,9407,7.238496840894365,5.814130531825066,4.718498871295094,3.367295829986474,2,0.46189034923871936
Antônio Almeida,5.6,434.0,122.0,27.0,14.0,3152,6.075346031088684,4.812184355372417,3.332204510175204,2.70805020110221,0,0.6125183395568804
Aroazes,4.6,663.0,248.0,56.0,22.0,5369,6.498282149476434,5.517452896464707,4.04305126783455,3.1354942159291497,4,0.6214970834974576
Aroeiras do Itaim,4.8,257.0,68.0,22.0,11.0,2690,5.552959584921617,4.23410650459726,3.1354942159291497,2.4849066497880004,0,1.2136534676634365
Arraial,4.3,588.0,128.0,55.0,10.0,4520,6.3784261836515865,4.859812404361672,4.02535169073515,2.3978952727983707,4,0.4690797096409365
Assunção do Piauí,4.3,1253.0,401.0,98.0,25.0,7452,7.134093721192866,5.996452088619021,4.59511985013459,3.258096538021482,2,0.5647424229909963
Avelino Lopes,4.2,1618.0,426.0,89.0,21.0,10866,7.389563953677635,6.056784013228625,4.499809670330265,3.091042453358316,2,0.6348045974246536
Baixa Grande do Ribeiro,5.5,2353.0,620.0,147.0,47.0,13272,7.763871287820222,6.431331081933479,4.997212273764115,3.871201010907891,2,1.1633281559084518
Barra D'Alcântara,4.3,554.0,165.0,25.0,13.0,3995,6.318968113746434,5.111987788356544,3.258096538021482,2.6390573296152584,4,0.6786720908887295
Barras,4.6,7121.0,2095.0,585.0,177.0,47938,8.870943863837724,7.647786045440933,6.373319789577012,5.181783550292085,1,0.8149571104455271
Barreiras do Piauí,2.6,450.0,117.0,41.0,11.0,3264,6.111467339502679,4.770684624465665,3.7376696182833684,2.4849066497880004,4,1.8560659646409452
Barro Duro,3.5,892.0,219.0,61.0,25.0,6640,6.794586580876499,5.393627546352362,4.127134385045092,3.258096538021482,4,0.8956734700846933
Batalha,5.3,3368.0,994.0,259.0,91.0,26300,8.122371243406553,6.902742737158593,5.560681631015528,4.5217885770490405,1,0.9519634343882845
Bela Vista do Piauí,5.5,515.0,149.0,27.0,12.0,4091,6.246106765481563,5.0106352940962555,3.332204510175204,2.5649493574615367,0,0.4560606076989299
Belém do Piauí,5.1,410.0,149.0,32.0,20.0,3423,6.018593214496234,5.0106352940962555,3.4965075614664802,3.044522437723423,0,0.06484070415461361
Beneditinos,5.3,1360.0,488.0,106.0,47.0,9929,7.215975002651466,6.192362489474872,4.672828834461906,3.871201010907891,2,0.7051952383884794
Bertolínia,4.2,818.0,266.0,73.0,30.0,5562,6.70808408385307,5.58724865840025,4.30406509320417,3.4339872044851463,4,0.79549023435779
Betânia do Piauí,4.0,1043.0,279.0,60.0,20.0,6220,6.950814768442584,5.634789603169249,4.110873864173311,3.044522437723423,4,0.653577402107387
Boa Hora,4.5,1018.0,411.0,123.0,34.0,6902,6.926577033222725,6.021023349349527,4.820281565605037,3.5553480614894135,2,0.2800373323637066
Bocaina,4.2,381.0,96.0,49.0,15.0,4078,5.945420608606575,4.574710978503383,3.912023005428146,2.772588722239781,4,0.6793108680435136
Bom Jesus,5.2,4639.0,1687.0,257.0,120.0,28796,8.442469645220301,7.431299675155903,5.552959584921617,4.795790545596741,1,0.4729135133226536
Bom Princípio do Piauí,4.4,877.0,200.0,79.0,14.0,5636,6.777646593635117,5.303304908059076,4.382026634673881,2.70805020110221,4,0.468843430623597
Bonfim do Piauí,4.9,796.0,127.0,37.0,12.0,5913,6.680854678790215,4.852030263919617,3.6375861597263857,2.5649493574615367,0,0.29529824999038734
Boqueirão do Piauí,5.0,973.0,178.0,81.0,17.0,6545,6.881411303642535,5.187385805840755,4.406719247264253,2.8903717578961645,0,0.9804389019789398
Brasileira,4.8,1004.0,286.0,78.0,27.0,8436,6.912742820493176,5.659482215759621,4.3694478524670215,3.332204510175204,2,0.7679352290210487
Brejo do Piauí,4.9,514.0,150.0,32.0,11.0,3904,6.244166900663736,5.017279836814924,3.4965075614664802,2.4849066497880004,0,0.33907179013862937
Buriti dos Lopes,4.9,3087.0,870.0,212.0,68.0,19654,8.035278911144667,6.769641976852503,5.3612921657094255,4.23410650459726,1,1.1696609176325041
Buriti dos Montes,6.5,859.0,268.0,87.0,23.0,7434,6.756932389247553,5.594711379601839,4.477336814478207,3.1780538303479458,0,1.9708838565625928
Cabeceiras do Piauí,4.8,1137.0,434.0,87.0,40.0,10212,7.037027614686276,6.075346031088684,4.477336814478207,3.713572066704308,2,0.26839011984507677
Cajazeiras do Piauí,4.3,367.0,121.0,40.0,21.0,3108,5.908082938168931,4.804021044733257,3.713572066704308,3.091042453358316,4,0.5648710961201384
Cajueiro da Praia,5.4,1165.0,258.0,55.0,18.0,7957,7.061334366910438,5.556828061699537,4.02535169073515,2.9444389791664403,0,1.0882325510093076
Caldeirão Grande do Piauí,5.9,626.0,126.0,39.0,13.0,5503,6.440946540632921,4.844187086458591,3.6888794541139363,2.6390573296152584,0,0.8302871372620247
Campinas do Piauí,4.3,628.0,109.0,95.0,11.0,4938,6.444131256700441,4.700480365792417,4.564348191467836,2.4849066497880004,4,0.22157325682665616
Campo Alegre do Fidalgo,3.4,682.0,160.0,57.0,14.0,4616,6.52649485957079,5.081404364984463,4.060443010546419,2.70805020110221,4,0.8167712451268704
Campo Grande do Piauí,5.0,764.0,149.0,47.0,14.0,6020,6.639875833826536,5.0106352940962555,3.871201010907891,2.70805020110221,0,0.3898146447288273
Campo Largo do Piauí,3.7,1171.0,287.0,89.0,28.0,7419,7.066466970136958,5.662960480135946,4.499809670330265,3.367295829986474,4,1.2010604765979278
Campo Maior,5.4,5491.0,1995.0,394.0,201.0,45793,8.61104776688786,7.59890045687141,5.978885764901122,5.308267697401205,1,0.7803528657198386
Canavieira,5.0,435.0,119.0,40.0,16.0,3414,6.077642243349034,4.787491742782046,3.713572066704308,2.833213344056216,0,0.19152475830838492
Canto do Buriti,4.5,2452.0,575.0,184.0,64.0,19365,7.8050670442584895,6.3561076606958915,5.220355825078324,4.174387269895637,2,1.0031599815328007
Capitão de Campos,3.9,1567.0,481.0,130.0,51.0,11100,7.357556200910353,6.1779441140506,4.875197323201151,3.9512437185814275,2,0.9262089230826837
Capitão Gervásio Oliveira,4.4,531.0,172.0,31.0,14.0,3974,6.2766434893416445,5.153291594497779,3.4657359027997265,2.70805020110221,4,0.583628616219623
Caracol,3.6,1655.0,310.0,112.0,23.0,10318,7.412160334945205,5.739792912179234,4.727387818712341,3.1780538303479458,2,1.23576581533142
Caraúbas do Piauí,3.2,855.0,156.0,62.0,11.0,5630,6.752270376141742,5.056245805348308,4.143134726391533,2.4849066497880004,4,1.0367340191862249
Caridade do Piauí,5.2,731.0,184.0,69.0,17.0,5033,6.595780513961311,5.220355825078324,4.248495242049359,2.8903717578961645,0,0.737771603348846
Castelo do Piauí,5.3,2673.0,764.0,172.0,51.0,19288,7.891330757661889,6.639875833826536,5.153291594497779,3.9512437185814275,2,1.230255207802244
Caxingó,3.8,842.0,230.0,74.0,20.0,5496,6.736966958001855,5.442417710521793,4.31748811353631,3.044522437723423,4,0.6584000447136142
Cocal,5.6,4099.0,1000.0,205.0,111.0,28212,8.318742252692399,6.90875477931522,5.327876168789581,4.718498871295094,1,1.1172148474609607
Cocal de Telha,5.3,649.0,221.0,46.0,13.0,4911,6.476972362889683,5.402677381872279,3.8501476017100584,2.6390573296152584,0,0.4350473553247272
Cocal dos Alves,6.4,863.0,152.0,59.0,15.0,6386,6.761572768804055,5.030437921392435,4.0943445622221,2.772588722239781,0,1.504584979400992
Coivaras,4.8,709.0,78.0,43.0,17.0,4117,6.565264970035361,4.3694478524670215,3.784189633918261,2.8903717578961645,0,0.39493741969077084
Colônia do Gurguéia,4.3,903.0,327.0,66.0,41.0,6150,6.806829360392176,5.793013608384144,4.204692619390966,3.7376696182833684,2,0.757199014899558
Colônia do Piauí,4.5,774.0,200.0,59.0,12.0,6994,6.652863029353347,5.303304908059076,4.0943445622221,2.5649493574615367,4,0.41199036855503424
Conceição do Canindé,4.9,575.0,151.0,41.0,12.0,4932,6.3561076606958915,5.0238805208462765,3.7376696182833684,2.5649493574615367,0,0.2860652831506324
Coronel José Dias,3.9,538.0,143.0,50.0,16.0,4250,6.289715570908998,4.969813299576001,3.9318256327243257,2.833213344056216,4,0.36305773865868757
Corrente,3.7,4303.0,1498.0,273.0,140.0,27278,8.36730010184162,7.312553498102598,5.6131281063880705,4.948759890378168,1,1.2700812798473171
Cristalândia do Piauí,4.3,1097.0,174.0,57.0,15.0,7356,7.001245622069476,5.1647859739235145,4.060443010546419,2.772588722239781,4,0.3267972043873638
Cristino Castro,3.3,1714.0,375.0,104.0,43.0,10503,7.44716835960004,5.929589143389895,4.653960350157523,3.784189633918261,2,1.5280387332584644
Curimatá,5.1,1739.0,463.0,136.0,40.0,11270,7.461640392208575,6.139884552226255,4.919980925828125,3.713572066704308,2,0.5522497985973404
Currais,4.0,729.0,127.0,65.0,15.0,4854,6.593044534142437,4.852030263919617,4.189654742026425,2.772588722239781,4,0.15085107765516936
Curral Novo do Piauí,5.0,857.0,201.0,84.0,13.0,5073,6.754604099487962,5.308267697401205,4.442651256490317,2.6390573296152584,0,0.8623455195682974
Curralinhos,4.3,635.0,211.0,47.0,16.0,4413,6.455198563340122,5.356586274672012,3.871201010907891,2.833213344056216,4,0.18611742783837154
Demerval Lobão,5.6,2306.0,691.0,146.0,58.0,16352,7.7437032581737535,6.539585955617669,4.990432586778736,4.07753744390572,2,1.3400765767856602
Dirceu Arcoverde,4.7,978.0,145.0,110.0,15.0,7054,6.88653164253051,4.983606621708336,4.709530201312334,2.772588722239781,4,0.7966938016593447
Dom Expedito Lopes,5.3,894.0,258.0,53.0,21.0,6320,6.796823718274855,5.556828061699537,3.9889840465642745,3.091042453358316,0,0.9775633678176076
Dom Inocêncio,4.9,969.0,304.0,109.0,35.0,9159,6.877296071497429,5.720311776607412,4.700480365792417,3.58351893845611,2,0.4958113827067889
Domingos Mourão,6.1,685.0,176.0,49.0,14.0,4075,6.530877627725885,5.176149732573829,3.912023005428146,2.70805020110221,0,1.1236187101467272
Elesbão Veloso,5.2,1558.0,362.0,154.0,33.0,13607,7.351799869057777,5.8944028342648505,5.043425116919247,3.5263605246161616,2,0.5897577624630145
Eliseu Martins,4.9,522.0,135.0,34.0,14.0,4377,6.259581464064923,4.912654885736052,3.5553480614894135,2.70805020110221,0,0.2931488211815186
Esperantina,4.8,5933.0,1612.0,344.0,130.0,40970,8.688453800850768,7.385851078125209,5.84354441703136,4.875197323201151,1,0.09530756512697482
Fartura do Piauí,4.0,781.0,136.0,65.0,12.0,5284,6.661854740545311,4.919980925828125,4.189654742026425,2.5649493574615367,4,0.16247232749695265
Flores do Piauí,4.4,615.0,128.0,56.0,17.0,4414,6.423246963533519,4.859812404361672,4.04305126783455,2.8903717578961645,4,0.32912503959887307
Floresta do Piauí,5.5,272.0,99.0,21.0,11.0,2333,5.60947179518496,4.605170185988092,3.091042453358316,2.4849066497880004,0,1.038430674828251
Floriano,5.4,7964.0,2849.0,534.0,314.0,62036,8.98281222234415,7.955074273262696,6.282266746896006,5.752572638825633,1,1.3821426216351849
Francinópolis,4.7,543.0,145.0,36.0,13.0,4505,6.298949246855942,4.983606621708336,3.6109179126442243,2.6390573296152584,0,0.5043480609716309
Francisco Ayres,4.2,631.0,144.0,43.0,11.0,4412,6.448889394146858,4.976733742420574,3.784189633918261,2.4849066497880004,4,0.4344627077260551
Francisco Macedo,4.7,378.0,83.0,18.0,10.0,2929,5.937536205082426,4.430816798843313,2.9444389791664403,2.3978952727983707,0,1.117224566050615
Francisco Santos,5.3,964.0,233.0,79.0,27.0,8237,6.872128101338986,5.455321115357702,4.382026634673881,3.332204510175204,2,1.1125451735054106
Fronteiras,4.7,1145.0,345.0,89.0,45.0,10259,7.044032897274685,5.846438775057725,4.499809670330265,3.828641396489095,2,0.264957145485703
Geminiano,4.4,680.0,218.0,47.0,19.0,5445,6.523562306149512,5.389071729816501,3.871201010907891,2.995732273553991,4,0.3217370146793646
Gilbués,3.7,2078.0,298.0,154.0,38.0,10892,7.639642287858013,5.700443573390687,5.043425116919247,3.6635616461296463,2,1.103408433517107
Guadalupe,4.2,1510.0,520.0,99.0,42.0,10270,7.32052696227274,6.255750041753367,4.605170185988092,3.7612001156935624,2,0.5380811584482365
Guaribas,3.6,710.0,194.0,44.0,15.0,4276,6.566672429803241,5.272999558563747,3.8066624897703196,2.772588722239781,4,0.5951123253401096
Hugo Napoleão,5.0,495.0,114.0,29.0,14.0,3518,6.206575926724928,4.74493212836325,3.4011973816621555,2.70805020110221,0,0.3277541398437388
Ilha Grande,4.6,1342.0,390.0,80.0,27.0,9274,7.202661196523238,5.968707559985366,4.394449154672439,3.332204510175204,2,0.4416454869303201
Inhuma,5.2,1770.0,492.0,141.0,69.0,14958,7.479299637782834,6.20050917404269,4.955827057601261,4.248495242049359,2,0.851831115561691
Ipiranga do Piauí,5.3,1135.0,338.0,86.0,27.0,9420,7.035268599281097,5.82600010738045,4.465908118654584,3.332204510175204,2,0.8886907014809228
Isaías Coelho,4.7,1137.0,323.0,96.0,20.0,7774,7.037027614686276,5.780743515792329,4.574710978503383,3.044522437723423,2,0.6614522554355805
Itainópolis,5.3,1061.0,331.0,86.0,28.0,10790,6.967909201801884,5.805134968916488,4.465908118654584,3.367295829986474,2,0.906822827708232
Itaueira,4.0,1279.0,304.0,151.0,29.0,10323,7.154615356913663,5.720311776607412,5.0238805208462765,3.4011973816621555,2,0.7720091574087692
Jacobina do Piauí,5.0,738.0,160.0,66.0,10.0,5613,6.6052979209482015,5.081404364984463,4.204692619390966,2.3978952727983707,0,0.4303070754536118
Jaicós,5.2,2414.0,629.0,139.0,53.0,17527,7.789454566086673,6.4457198193855785,4.941642422609304,3.9889840465642745,2,0.9627302268023284
Jardim do Mulato,4.8,548.0,139.0,44.0,18.0,4180,6.3080984415095305,4.941642422609304,3.8066624897703196,2.9444389791664403,0,0.45069957339601135
Jatobá do Piauí,4.9,646.0,312.0,63.0,23.0,4494,6.472346294500901,5.746203190540153,4.1588830833596715,3.1780538303479458,4,1.0013796297966928
Jerumenha,4.7,567.0,83.0,63.0,8.0,4497,6.342121418721152,4.430816798843313,4.1588830833596715,2.1972245773362196,0,0.5384092365903598
João Costa,3.4,409.0,127.0,24.0,6.0,2970,6.016157159698354,4.852030263919617,3.2188758248682006,1.9459101490553132,4,1.5534349697323726
Joaquim Pires,5.2,2027.0,477.0,107.0,44.0,13886,7.614805364711073,6.169610732491456,4.68213122712422,3.8066624897703196,2,0.6548118815642029
Joca Marques,4.0,891.0,248.0,80.0,18.0,5394,6.79346613258001,5.517452896464707,4.394449154672439,2.9444389791664403,4,0.6214828608290016
José de Freitas,4.1,6016.0,1725.0,371.0,152.0,42559,8.702344075220351,7.453561871643373,5.918893854273146,5.030437921392435,1,0.8465457092120647
Juazeiro do Piauí,4.6,618.0,250.0,54.0,20.0,5214,6.428105272684596,5.5254529391317835,4.007333185232471,3.044522437723423,4,0.5719352871225383
Júlio Borges,3.7,809.0,143.0,55.0,17.0,5388,6.697034247666484,4.969813299576001,4.02535169073515,2.8903717578961645,4,0.48356402451868535
Jurema,4.2,685.0,153.0,38.0,11.0,4425,6.530877627725885,5.0369526024136295,3.6635616461296463,2.4849066497880004,4,0.429296446068657
Lagoa Alegre,4.9,1225.0,481.0,72.0,26.0,8256,7.111512116496157,6.1779441140506,4.290459441148391,3.295836866004329,2,0.5245282540026688
Lagoa de São Francisco,4.9,880.0,219.0,75.0,22.0,6331,6.78105762593618,5.393627546352362,4.330733340286331,3.1354942159291497,4,1.0421768003184122
Lagoa do Barro do Piauí,4.4,766.0,161.0,39.0,15.0,4995,6.642486801367256,5.087596335232384,3.6888794541139363,2.772588722239781,4,0.34442917195920386
Lagoa do Piauí,4.1,716.0,87.0,38.0,6.0,4810,6.57507584059962,4.477336814478207,3.6635616461296463,1.9459101490553132,4,0.9469418687590347
Lagoa do Sítio,4.3,614.0,166.0,50.0,16.0,4520,6.421622267806518,5.117993812416755,3.9318256327243257,2.833213344056216,4,0.21653610052324926
Lagoinha do Piauí,5.0,371.0,89.0,38.0,10.0,2939,5.918893854273146,4.499809670330265,3.6635616461296463,2.3978952727983707,0,0.5911825396689591
Landri Sales,5.9,716.0,174.0,59.0,17.0,5213,6.57507584059962,5.1647859739235145,4.0943445622221,2.8903717578961645,0,1.0302478786910483
Luís Correia,4.5,4466.0,931.0,295.0,68.0,30641,8.404472321352118,6.837332814685591,5.69035945432406,4.23410650459726,1,0.829895449732481
Luzilândia,3.9,3794.0,1021.0,327.0,89.0,25375,8.24143968982973,6.92951677076365,5.793013608384144,4.499809670330265,1,1.189605678357271
Madeiro,4.0,1176.0,389.0,79.0,29.0,8032,7.0707241072602764,5.966146739123692,4.382026634673881,3.4011973816621555,2,0.8888490295850588
Manoel Emídio,4.6,699.0,161.0,55.0,17.0,5209,6.551080335043404,5.087596335232384,4.02535169073515,2.8903717578961645,4,0.5197343519688545
Marcolândia,4.8,1884.0,304.0,67.0,19.0,8533,7.541683099882111,5.720311776607412,4.219507705176107,2.995732273553991,2,0.6566009292770093
Marcos Parente,5.2,654.0,176.0,53.0,17.0,4724,6.484635235635252,5.176149732573829,3.9889840465642745,2.8903717578961645,0,0.5094265027149953
Massapê do Piauí,4.7,699.0,207.0,53.0,17.0,5218,6.551080335043404,5.337538079701318,3.9889840465642745,2.8903717578961645,4,0.6427815604898763
Matias Olímpio,3.9,1823.0,442.0,135.0,26.0,10641,7.508787170634276,6.093569770045136,4.912654885736052,3.295836866004329,2,0.8628766822910222
Miguel Alves,3.2,5495.0,1211.0,298.0,70.0,32150,8.611775833902186,7.10002716662926,5.700443573390687,4.2626798770413155,1,1.871924714631213
Miguel Leão,4.2,187.0,52.0,14.0,8.0,1318,5.236441962829949,3.970291913552122,2.70805020110221,2.1972245773362196,0,2.1222145799969447
Milton Brandão,4.6,856.0,205.0,89.0,16.0,6542,6.75343791859778,5.327876168789581,4.499809670330265,2.833213344056216,4,0.7158342696243161
Monsenhor Gil,3.9,1446.0,367.0,72.0,25.0,10255,7.277247726631484,5.908082938168931,4.290459441148391,3.258096538021482,2,1.0049496910218227
Monsenhor Hipólito,4.9,1051.0,355.0,72.0,28.0,7577,6.9584483932976555,5.87493073085203,4.290459441148391,3.367295829986474,2,0.6996887500998356
Monte Alegre do Piauí,3.7,1745.0,478.0,135.0,43.0,10660,7.465082736399547,6.171700597410915,4.912654885736052,3.784189633918261,2,1.1328007080085645
Morro Cabeça no Tempo,3.9,685.0,142.0,62.0,9.0,4377,6.530877627725885,4.962844630259907,4.143134726391533,2.302585092994046,4,0.3814941071683973
Morro do Chapéu do Piauí,4.5,1087.0,230.0,92.0,16.0,6425,6.992096427415888,5.442417710521793,4.532599493153256,2.833213344056216,4,0.8074924888327399
Murici dos Portelas,3.3,1128.0,299.0,72.0,19.0,9797,7.029087564149662,5.703782474656201,4.290459441148391,2.995732273553991,4,1.2163329417703577
Nazaré do Piauí,4.4,872.0,240.0,60.0,20.0,6665,6.771935555839602,5.484796933490655,4.110873864173311,3.044522437723423,4,0.5532596932945933
Nazária,4.7,1470.0,310.0,75.0,25.0,10262,7.293697720601438,5.739792912179234,4.330733340286331,3.258096538021482,2,0.5696259724121352
Nossa Senhora de Nazaré,4.4,649.0,188.0,59.0,14.0,5228,6.476972362889683,5.241747015059643,4.0943445622221,2.70805020110221,4,0.2968657672440886
Nossa Senhora dos Remédios,4.5,1574.0,414.0,108.0,36.0,8525,7.362010551259734,6.028278520230698,4.6913478822291435,3.6109179126442243,2,0.19358093354399078
Nova Santa Rita,3.9,552.0,161.0,30.0,15.0,4076,6.315358001522335,5.087596335232384,3.4339872044851463,2.772588722239781,4,0.5610171604572797
Novo Oriente do Piauí,4.0,678.0,147.0,57.0,18.0,6097,6.520621127558696,4.997212273764115,4.060443010546419,2.9444389791664403,4,0.1483802058363963
Novo Santo Antônio,5.0,428.0,118.0,28.0,14.0,2827,6.061456918928017,4.77912349311153,3.367295829986474,2.70805020110221,0,0.4000322334139392
Oeiras,5.9,4728.0,1788.0,302.0,192.0,38161,8.461469042643875,7.489412083508719,5.713732805509369,5.262690188904886,1,1.2008309139461035
Olho D'Água do Piauí,4.6,325.0,116.0,30.0,10.0,2637,5.786897381366708,4.762173934797756,3.4339872044851463,2.3978952727983707,0,0.8887523045688993
Padre Marcos,4.7,815.0,210.0,71.0,18.0,6382,6.704414354964107,5.351858133476067,4.276666119016055,2.9444389791664403,4,0.7509805412137199
Paes Landim,4.8,598.0,175.0,35.0,20.0,4088,6.395261598115449,5.170483995038151,3.58351893845611,3.044522437723423,0,0.49668615732263416
Pajeú do Piauí,5.6,313.0,106.0,29.0,14.0,3000,5.749392985908253,4.672828834461906,3.4011973816621555,2.70805020110221,0,0.7516442421932288
Palmeira do Piauí,5.1,692.0,129.0,68.0,15.0,4952,6.541029999189903,4.867534450455582,4.23410650459726,2.772588722239781,0,0.47091738217980667
Palmeirais,3.9,2038.0,498.0,138.0,39.0,13264,7.620214770574455,6.212606095751519,4.9344739331306915,3.6888794541139363,2,0.9493384846390315
Paquetá,4.1,375.0,99.0,53.0,7.0,3813,5.929589143389895,4.605170185988092,3.9889840465642745,2.0794415416798357,4,0.9837213080178961
Parnaguá,4.5,1506.0,298.0,111.0,28.0,10103,7.317876198626496,5.700443573390687,4.718498871295094,3.367295829986474,2,0.3555261972179088
Parnaíba,5.2,20576.0,5832.0,1015.0,493.0,162159,9.931929226167432,8.671286726753637,6.923628628138427,6.202535517187923,1,2.7171028003679556
Passagem Franca do Piauí,3.9,602.0,163.0,46.0,14.0,4135,6.401917196727186,5.099866427824199,3.8501476017100584,2.70805020110221,4,0.35413188940926704
Patos do Piauí,5.0,624.0,202.0,40.0,15.0,5425,6.437751649736401,5.313205979041787,3.713572066704308,2.772588722239781,0,0.3713427543206075
Pau D'Arco do Piauí,5.8,439.0,188.0,31.0,12.0,3880,6.0867747269123065,5.241747015059643,3.4657359027997265,2.5649493574615367,0,0.7330238061750713
Paulistana,4.5,3147.0,980.0,181.0,127.0,21055,8.054522609537294,6.8885724595653635,5.204006687076795,4.852030263919617,1,0.9424008507694036
Pavussu,4.0,469.0,92.0,47.0,10.0,3628,6.152732694704104,4.532599493153256,3.871201010907891,2.3978952727983707,4,0.8124302128299971
Pedro II,4.8,5536.0,1821.0,321.0,165.0,37894,8.619208116822968,7.507690077819904,5.7745515455444085,5.111987788356544,1,0.19669533463198566
Pedro Laurentino,4.1,332.0,105.0,31.0,8.0,2458,5.808142489980444,4.663439094112067,3.4657359027997265,2.1972245773362196,4,1.2579373353253378
Picos,4.8,9781.0,3188.0,666.0,287.0,83090,9.188299241099303,8.067462667010057,6.502790045915623,5.662960480135946,1,1.4721354604449308
Pimenteiras,4.1,1247.0,387.0,134.0,50.0,11341,7.129297548929373,5.961005339623274,4.90527477843843,3.9318256327243257,2,0.6494212513469307
Pio IX,4.8,2264.0,643.0,128.0,73.0,17613,7.725330037917135,6.467698726104354,4.859812404361672,4.30406509320417,2,0.8681986931552832
Piracuruca,5.6,3991.0,1203.0,187.0,122.0,28846,8.292047637431354,7.093404625868766,5.236441962829949,4.812184355372417,1,1.0733174182209606
Piripiri,5.1,8922.0,2554.0,513.0,263.0,65538,9.09638749190015,7.845807502637805,6.2422232654551655,5.575949103146316,1,1.1624882759841042
Porto,4.6,2095.0,594.0,136.0,54.0,12052,7.647786045440933,6.38856140554563,4.919980925828125,4.007333185232471,2,0.6626869312090002
Porto Alegre do Piauí,4.8,351.0,78.0,18.0,7.0,2364,5.863631175598097,4.3694478524670215,2.9444389791664403,2.0794415416798357,0,1.292489070718272
Prata do Piauí,5.1,473.0,160.0,39.0,9.0,3042,6.161207321695077,5.081404364984463,3.6888794541139363,2.302585092994046,0,0.1977457871104725
Queimada Nova,4.1,1021.0,370.0,54.0,22.0,8738,6.92951677076365,5.916202062607435,4.007333185232471,3.1354942159291497,4,0.7496618725169982
Redenção do Gurguéia,3.7,1396.0,301.0,111.0,22.0,8394,7.242082359256962,5.71042701737487,4.718498871295094,3.1354942159291497,2,1.1738722204283767
Regeneração,4.0,2623.0,723.0,214.0,67.0,17133,7.8724551500639794,6.584791392385716,5.3706380281276624,4.219507705176107,2,1.4484845558475095
Riacho Frio,3.9,796.0,163.0,59.0,13.0,4165,6.680854678790215,5.099866427824199,4.0943445622221,2.6390573296152584,4,0.259094228048382
Ribeira do Piauí,4.7,500.0,176.0,60.0,24.0,4055,6.2166061010848646,5.176149732573829,4.110873864173311,3.2188758248682006,4,0.6388914923078501
Ribeiro Gonçalves,4.5,942.0,255.0,83.0,22.0,6164,6.849066282633458,5.545177444479562,4.430816798843313,3.1354942159291497,4,0.8683323301836754
Rio Grande do Piauí,5.1,778.0,168.0,57.0,13.0,5801,6.658011045870748,5.1298987149230735,4.060443010546419,2.6390573296152584,0,0.49345035486664135
Santa Cruz do Piauí,4.3,718.0,329.0,52.0,30.0,5831,6.577861357721047,5.799092654460526,3.970291913552122,3.4339872044851463,4,0.6602334935738097
Santa Cruz dos Milagres,3.6,471.0,152.0,38.0,16.0,3435,6.156978985585555,5.030437921392435,3.6635616461296463,2.833213344056216,4,0.7437441708429237
Santa Filomena,5.2,1030.0,254.0,82.0,24.0,6087,6.93828448401696,5.541263545158426,4.418840607796598,3.2188758248682006,2,1.0138359162489048
Santa Luz,4.5,809.0,167.0,66.0,18.0,5336,6.697034247666484,5.123963979403259,4.204692619390966,2.9444389791664403,4,0.48047817623355255
Santa Rosa do Piauí,4.7,587.0,210.0,36.0,15.0,4650,6.376726947898627,5.351858133476067,3.6109179126442243,2.772588722239781,0,0.5652740894569033
Santana do Piauí,5.1,516.0,145.0,42.0,11.0,4125,6.248042874508429,4.983606621708336,3.7612001156935624,2.4849066497880004,0,0.07953635702933737
Santo Antônio de Lisboa,4.5,655.0,166.0,86.0,25.0,5839,6.486160788944089,5.117993812416755,4.465908118654584,3.258096538021482,4,0.6044803087911259
Santo Antônio dos Milagres,3.8,299.0,79.0,22.0,14.0,2138,5.703782474656201,4.382026634673881,3.1354942159291497,2.70805020110221,4,1.4226861659195527
Santo Inácio do Piauí,4.8,424.0,183.0,33.0,22.0,3646,6.052089168924417,5.214935757608986,3.5263605246161616,3.1354942159291497,0,0.42120902483141065
São Braz do Piauí,5.1,569.0,105.0,35.0,13.0,4358,6.345636360828596,4.663439094112067,3.58351893845611,2.6390573296152584,0,0.18535488243241027
São Félix do Piauí,5.5,342.0,123.0,46.0,11.0,2842,5.8377304471659395,4.820281565605037,3.8501476017100584,2.4849066497880004,0,0.49178362590580643
São Francisco de Assis do Piauí,3.4,846.0,182.0,70.0,11.0,5572,6.741700694652055,5.209486152841421,4.2626798770413155,2.4849066497880004,4,0.8224307951580533
São Francisco do Piauí,5.3,678.0,182.0,57.0,15.0,5392,6.520621127558696,5.209486152841421,4.060443010546419,2.772588722239781,0,0.547158573400752
São Gonçalo do Gurguéia,4.1,409.0,99.0,40.0,11.0,2947,6.016157159698354,4.605170185988092,3.713572066704308,2.4849066497880004,4,0.8837498549731279
São Gonçalo do Piauí,4.7,709.0,134.0,52.0,11.0,4837,6.565264970035361,4.90527477843843,3.970291913552122,2.4849066497880004,0,0.5418220760187806
São João da Canabrava,5.8,558.0,144.0,44.0,13.0,4242,6.326149473155099,4.976733742420574,3.8066624897703196,2.6390573296152584,0,0.7246138402404955
São João da Fronteira,4.2,836.0,197.0,55.0,18.0,5522,6.729824070489475,5.288267030694535,4.02535169073515,2.9444389791664403,4,0.2600514388672205
São João da Serra,4.7,780.0,228.0,67.0,20.0,6114,6.660575149839686,5.43372200355424,4.219507705176107,3.044522437723423,4,0.7704149764797698
São João da Varjota,4.9,601.0,165.0,52.0,28.0,4383,6.400257445308821,5.111987788356544,3.970291913552122,3.367295829986474,0,0.7222157815840221
São João do Arraial,5.3,1318.0,453.0,88.0,40.0,8186,7.1846291527173145,6.118097198041348,4.48863636973214,3.713572066704308,2,0.7059529288555597
São João do Piauí,4.5,3112.0,1062.0,147.0,77.0,21421,8.043342170441608,6.968850378341948,4.997212273764115,4.356708826689592,1,1.2632391995054206
São José do Divino,5.3,682.0,232.0,48.0,13.0,4841,6.52649485957079,5.4510384535657,3.8918202981106265,2.6390573296152584,0,0.5043501106296039
São José do Peixe,4.4,445.0,125.0,27.0,13.0,3297,6.100318952020064,4.836281906951478,3.332204510175204,2.6390573296152584,4,0.9123484694408587
São José do Piauí,4.7,854.0,265.0,83.0,25.0,6597,6.75110146893676,5.583496308781699,4.430816798843313,3.258096538021482,2,0.8836914923985213
São Julião,4.7,720.0,176.0,72.0,14.0,6025,6.580639137284949,5.176149732573829,4.290459441148391,2.70805020110221,4,0.6460060715405715
São Lourenço do Piauí,4.5,525.0,166.0,65.0,21.0,4410,6.26530121273771,5.117993812416755,4.189654742026425,3.091042453358316,4,0.4162162349516876
São Luis do Piauí,5.1,280.0,107.0,32.0,9.0,2309,5.638354669333745,4.68213122712422,3.4965075614664802,2.302585092994046,0,0.7775648817781674
São Miguel da Baixa Grande,5.6,303.0,70.0,31.0,14.0,2269,5.717027701406222,4.2626798770413155,3.4657359027997265,2.70805020110221,0,0.8934990091480677
São Miguel do Fidalgo,4.8,357.0,82.0,27.0,13.0,2829,5.8805329864007,4.418840607796598,3.332204510175204,2.6390573296152584,0,0.7935073048826083
São Miguel do Tapuio,4.3,2194.0,703.0,124.0,54.0,17554,7.693937325509272,6.556778356158042,4.8283137373023015,4.007333185232471,2,0.824218981844602
São Pedro do Piauí,5.0,1965.0,578.0,123.0,53.0,13755,7.583756300707112,6.361302477572996,4.820281565605037,3.9889840465642745,2,0.6530234157699718
São Raimundo Nonato,4.5,4873.0,1771.0,254.0,153.0,38934,8.491670234185152,7.4798641311650265,5.541263545158426,5.0369526024136295,1,0.36811168504319075
Sebastião Barros,3.8,695.0,160.0,61.0,12.0,3202,6.54534966033442,5.081404364984463,4.127134385045092,2.5649493574615367,4,0.3804389404355026
Sebastião Leal,4.6,703.0,102.0,65.0,11.0,4446,6.556778356158042,4.634728988229636,4.189654742026425,2.4849066497880004,4,0.6013942142912212
Sigefredo Pacheco,5.4,1096.0,316.0,75.0,21.0,9460,7.00033446027523,5.75890177387728,4.330733340286331,3.091042453358316,2,1.1400961399732112
Simões,5.8,2263.0,493.0,153.0,40.0,14350,7.724888439323074,6.202535517187923,5.0369526024136295,3.713572066704308,2,1.3565969681523575
Simplício Mendes,4.9,1715.0,503.0,106.0,46.0,13870,7.447751280047908,6.222576268071369,4.672828834461906,3.8501476017100584,2,0.3522479860496953
Socorro do Piauí,3.5,535.0,154.0,57.0,15.0,4141,6.284134161070802,5.043425116919247,4.060443010546419,2.772588722239781,4,0.7260023349909552
Sussuapara,4.3,739.0,219.0,46.0,16.0,6220,6.606650186198215,5.393627546352362,3.8501476017100584,2.833213344056216,4,0.2006057339163106
Tamboril do Piauí,4.5,402.0,137.0,24.0,10.0,2949,5.998936561946683,4.927253685157205,3.2188758248682006,2.3978952727983707,0,0.9221271773555743
Tanque do Piauí,5.8,354.0,104.0,30.0,9.0,2316,5.872117789475416,4.653960350157523,3.4339872044851463,2.302585092994046,0,1.001225965917298
Teresina,5.7,107058.0,34578.0,5298.0,2921.0,866300,11.581135363347052,10.451001840369164,8.575273402492762,7.980023592310645,3,0.0
União,5.1,6808.0,1939.0,338.0,159.0,46119,8.826000545482966,7.570443252057374,5.82600010738045,5.075173815233827,1,0.4613933755616732
Uruçuí,4.7,4109.0,1158.0,233.0,124.0,25203,8.32117830749028,7.055312843339752,5.455321115357702,4.8283137373023015,1,0.5324955739224954
Valença do Piauí,4.6,2849.0,1172.0,218.0,108.0,22279,7.955074273262696,7.067319848653476,5.389071729816501,4.6913478822291435,1,0.8536529390705183
Várzea Branca,3.7,786.0,154.0,47.0,19.0,5055,6.668228248417403,5.043425116919247,3.871201010907891,2.995732273553991,4,0.482363905510071
Várzea Grande,4.7,473.0,129.0,26.0,11.0,4417,6.161207321695077,4.867534450455582,3.295836866004329,2.4849066497880004,0,0.6560815896920912
Vera Mendes,4.5,410.0,111.0,39.0,13.0,3185,6.018593214496234,4.718498871295094,3.6888794541139363,2.6390573296152584,0,0.7734119570548388
Vila Nova do Piauí,6.0,299.0,70.0,43.0,12.0,2935,5.703782474656201,4.2626798770413155,3.784189633918261,2.5649493574615367,0,1.139806564823911
Wall Ferraz,4.9,433.0,134.0,48.0,13.0,4059,6.073044534100405,4.90527477843843,3.8918202981106265,2.6390573296152584,0,0.2830653150450749
